image_id,category,subject,model,field,ground_truth,model_answer,verdict,notes
abduction-amphitrite,mythology,Abduction of Amphitrite by Poseidon,gemini:gemini-2.5-pro,title,Abduction of Amphitrite by Poseidon,Perseus and Andromeda,correct,
abduction-amphitrite,mythology,Abduction of Amphitrite by Poseidon,gemini:gemini-2.5-pro,artist,"Terwesten, Mattheus",Giorgio Vasari,correct,
abduction-amphitrite,mythology,Abduction of Amphitrite by Poseidon,gemini:gemini-2.5-pro,date,1685 - 1757,c. 1570-1572,correct,
abduction-amphitrite,mythology,Abduction of Amphitrite by Poseidon,gemini:gemini-2.5-pro,collection,,"Palazzo Vecchio, Florence",correct,
abduction-amphitrite,mythology,Abduction of Amphitrite by Poseidon,gemini:gemini-3.5-flash,title,Abduction of Amphitrite by Poseidon,The Triumph of Amphitrite,correct,
abduction-amphitrite,mythology,Abduction of Amphitrite by Poseidon,gemini:gemini-3.5-flash,artist,"Terwesten, Mattheus",Hendrick de Clerck,correct,
abduction-amphitrite,mythology,Abduction of Amphitrite by Poseidon,gemini:gemini-3.5-flash,date,1685 - 1757,c. 1610,correct,
abduction-amphitrite,mythology,Abduction of Amphitrite by Poseidon,gemini:gemini-3.5-flash,collection,,Museo del Prado,correct,
abduction-helen,mythology,The Abduction of Helen,gemini:gemini-2.5-pro,title,The Abduction of Helen.,The Rape of Helen,correct,
abduction-helen,mythology,The Abduction of Helen,gemini:gemini-2.5-pro,artist,"Campana, Giacinto",Tintoretto (Jacopo Robusti),correct,
abduction-helen,mythology,The Abduction of Helen,gemini:gemini-2.5-pro,date,1600-1650,c. 1578-1579,correct,
abduction-helen,mythology,The Abduction of Helen,gemini:gemini-2.5-pro,collection,,Museo Nacional del Prado,correct,
abduction-helen,mythology,The Abduction of Helen,gemini:gemini-3.5-flash,title,The Abduction of Helen.,The Abduction of Helen,correct,
abduction-helen,mythology,The Abduction of Helen,gemini:gemini-3.5-flash,artist,"Campana, Giacinto",Guido Reni,correct,
abduction-helen,mythology,The Abduction of Helen,gemini:gemini-3.5-flash,date,1600-1650,1631,correct,
abduction-helen,mythology,The Abduction of Helen,gemini:gemini-3.5-flash,collection,,Louvre Museum,correct,
aeneas-anchises-troy,mythology,Aeneas rescues his father Anchises from the burning Troy,gemini:gemini-2.5-pro,title,Aeneas rescues his father Anchises from the burning Troy,The Fall of Troy,correct,
aeneas-anchises-troy,mythology,Aeneas rescues his father Anchises from the burning Troy,gemini:gemini-2.5-pro,artist,"Suavius, Lambert",El Greco (Doménikos Theotokópoulos),correct,
aeneas-anchises-troy,mythology,Aeneas rescues his father Anchises from the burning Troy,gemini:gemini-2.5-pro,date,1550,c. 1596-1600,correct,
aeneas-anchises-troy,mythology,Aeneas rescues his father Anchises from the burning Troy,gemini:gemini-2.5-pro,collection,Centraal Museum,National Gallery of Greece,correct,
aeneas-anchises-troy,mythology,Aeneas rescues his father Anchises from the burning Troy,gemini:gemini-3.5-flash,title,Aeneas rescues his father Anchises from the burning Troy,The Burning of Troy,correct,
aeneas-anchises-troy,mythology,Aeneas rescues his father Anchises from the burning Troy,gemini:gemini-3.5-flash,artist,"Suavius, Lambert",Gillis van Valckenborch,correct,
aeneas-anchises-troy,mythology,Aeneas rescues his father Anchises from the burning Troy,gemini:gemini-3.5-flash,date,1550,c. 1600,correct,
aeneas-anchises-troy,mythology,Aeneas rescues his father Anchises from the burning Troy,gemini:gemini-3.5-flash,collection,Centraal Museum,,correct,
apollo-muses,mythology,Apollo and the Muses,gemini:gemini-2.5-pro,title,Apollo and the Muses.,An Allegory of Truth and Time,correct,
apollo-muses,mythology,Apollo and the Muses,gemini:gemini-2.5-pro,artist,Tintoretto,Annibale Carracci,correct,
apollo-muses,mythology,Apollo and the Muses,gemini:gemini-2.5-pro,date,1532-1594,c. 1600-1601,correct,
apollo-muses,mythology,Apollo and the Muses,gemini:gemini-2.5-pro,collection,,Royal Collection Trust,correct,
apollo-muses,mythology,Apollo and the Muses,gemini:gemini-3.5-flash,title,Apollo and the Muses.,The Muses on Mount Helicon,correct,
apollo-muses,mythology,Apollo and the Muses,gemini:gemini-3.5-flash,artist,Tintoretto,Hendrick Goltzius,correct,
apollo-muses,mythology,Apollo and the Muses,gemini:gemini-3.5-flash,date,1532-1594,1592,correct,
apollo-muses,mythology,Apollo and the Muses,gemini:gemini-3.5-flash,collection,,Teylers Museum,correct,
apollo-pan-midas,mythology,The Competition of Apollo and Pan and the judgment of Midas,gemini:gemini-2.5-pro,title,The Competition of Apollo and Pan and the judgment of Midas,The Judgment of Midas,correct,
apollo-pan-midas,mythology,The Competition of Apollo and Pan and the judgment of Midas,gemini:gemini-2.5-pro,artist,,Hendrik van Balen the Elder and Jan Brueghel the Elder,correct,
apollo-pan-midas,mythology,The Competition of Apollo and Pan and the judgment of Midas,gemini:gemini-2.5-pro,date,c. 1620,c. 1605 - c. 1608,correct,
apollo-pan-midas,mythology,The Competition of Apollo and Pan and the judgment of Midas,gemini:gemini-2.5-pro,collection,,Rijksmuseum,correct,
apollo-pan-midas,mythology,The Competition of Apollo and Pan and the judgment of Midas,gemini:gemini-3.5-flash,title,The Competition of Apollo and Pan and the judgment of Midas,The Judgment of Midas,correct,
apollo-pan-midas,mythology,The Competition of Apollo and Pan and the judgment of Midas,gemini:gemini-3.5-flash,artist,,Cornelis van Poelenburch,correct,
apollo-pan-midas,mythology,The Competition of Apollo and Pan and the judgment of Midas,gemini:gemini-3.5-flash,date,c. 1620,c. 1630,correct,
apollo-pan-midas,mythology,The Competition of Apollo and Pan and the judgment of Midas,gemini:gemini-3.5-flash,collection,,State Hermitage Museum,correct,
apollo-vulcan-forge,mythology,Apollo in Vulcan's forge revealing Venus' love-affair with Mars,gemini:gemini-2.5-pro,title,Apollo in Vulcan's forge revealing Venus' love-affair with Mars,Vulcan Presenting the Arms of Aeneas to Venus,correct,
apollo-vulcan-forge,mythology,Apollo in Vulcan's forge revealing Venus' love-affair with Mars,gemini:gemini-2.5-pro,artist,"Maes, Godfried (II)",Antoine Coypel,correct,
apollo-vulcan-forge,mythology,Apollo in Vulcan's forge revealing Venus' love-affair with Mars,gemini:gemini-2.5-pro,date,1664 - 1700,c. 1700-1704,correct,
apollo-vulcan-forge,mythology,Apollo in Vulcan's forge revealing Venus' love-affair with Mars,gemini:gemini-2.5-pro,collection,,Louvre Museum,correct,
apollo-vulcan-forge,mythology,Apollo in Vulcan's forge revealing Venus' love-affair with Mars,gemini:gemini-3.5-flash,title,Apollo in Vulcan's forge revealing Venus' love-affair with Mars,,correct,
apollo-vulcan-forge,mythology,Apollo in Vulcan's forge revealing Venus' love-affair with Mars,gemini:gemini-3.5-flash,artist,"Maes, Godfried (II)",,correct,
apollo-vulcan-forge,mythology,Apollo in Vulcan's forge revealing Venus' love-affair with Mars,gemini:gemini-3.5-flash,date,1664 - 1700,,correct,
apollo-vulcan-forge,mythology,Apollo in Vulcan's forge revealing Venus' love-affair with Mars,gemini:gemini-3.5-flash,collection,,,correct,
athena-pegasus,mythology,The goddess Pallas Athena and the horse Pegasus,gemini:gemini-2.5-pro,title,The goddess Pallas Athena and the horse Pegasus,Minerva with Pegasus,correct,
athena-pegasus,mythology,The goddess Pallas Athena and the horse Pegasus,gemini:gemini-2.5-pro,artist,"Thulden, Theodoor van",Cornelis Schut I,correct,
athena-pegasus,mythology,The goddess Pallas Athena and the horse Pegasus,gemini:gemini-2.5-pro,date,1644 (dated),1644,correct,
athena-pegasus,mythology,The goddess Pallas Athena and the horse Pegasus,gemini:gemini-2.5-pro,collection,,,correct,
athena-pegasus,mythology,The goddess Pallas Athena and the horse Pegasus,gemini:gemini-3.5-flash,title,The goddess Pallas Athena and the horse Pegasus,Minerva and Pegasus,correct,
athena-pegasus,mythology,The goddess Pallas Athena and the horse Pegasus,gemini:gemini-3.5-flash,artist,"Thulden, Theodoor van",Theodoor van Thulden,correct,
athena-pegasus,mythology,The goddess Pallas Athena and the horse Pegasus,gemini:gemini-3.5-flash,date,1644 (dated),1654,correct,
athena-pegasus,mythology,The goddess Pallas Athena and the horse Pegasus,gemini:gemini-3.5-flash,collection,,Royal Museum of Fine Arts Antwerp,correct,
circe-sorceress,mythology,The Sorceress Circe,gemini:gemini-2.5-pro,title,The Sorceress Circe.,The Sorceress Circe,correct,
circe-sorceress,mythology,The Sorceress Circe,gemini:gemini-2.5-pro,artist,"Vassallo, Anton Maria",Jacopo Bassano,correct,
circe-sorceress,mythology,The Sorceress Circe,gemini:gemini-2.5-pro,date,1577-1657,c. 1570s,correct,
circe-sorceress,mythology,The Sorceress Circe,gemini:gemini-2.5-pro,collection,,"Kunsthistorisches Museum, Vienna",correct,
circe-sorceress,mythology,The Sorceress Circe,gemini:gemini-3.5-flash,title,The Sorceress Circe.,The Sorceress Circe,correct,
circe-sorceress,mythology,The Sorceress Circe,gemini:gemini-3.5-flash,artist,"Vassallo, Anton Maria",Giovanni Benedetto Castiglione,correct,
circe-sorceress,mythology,The Sorceress Circe,gemini:gemini-3.5-flash,date,1577-1657,c. 1650,correct,
circe-sorceress,mythology,The Sorceress Circe,gemini:gemini-3.5-flash,collection,,J. Paul Getty Museum,correct,
diana-actaeon,mythology,Diana and Actaeon,gemini:gemini-2.5-pro,title,Diana and Actaeon.,Diana and Actaeon,correct,
diana-actaeon,mythology,Diana and Actaeon,gemini:gemini-2.5-pro,artist,Titian,Titian,correct,
diana-actaeon,mythology,Diana and Actaeon,gemini:gemini-2.5-pro,date,1559,1556–1559,correct,
diana-actaeon,mythology,Diana and Actaeon,gemini:gemini-2.5-pro,collection,,"National Gallery, London and National Galleries of Scotland",correct,
diana-actaeon,mythology,Diana and Actaeon,gemini:gemini-3.5-flash,title,Diana and Actaeon.,Diana and Actaeon,correct,
diana-actaeon,mythology,Diana and Actaeon,gemini:gemini-3.5-flash,artist,Titian,Titian,correct,
diana-actaeon,mythology,Diana and Actaeon,gemini:gemini-3.5-flash,date,1559,1556–1559,correct,
diana-actaeon,mythology,Diana and Actaeon,gemini:gemini-3.5-flash,collection,,"National Gallery, London and National Galleries of Scotland",correct,
dido-sacrifice-juno,mythology,Dido's sacrifice to Juno,gemini:gemini-2.5-pro,title,Dido's sacrifice to Juno,Dido's Sacrifice to Juno,correct,
dido-sacrifice-juno,mythology,Dido's sacrifice to Juno,gemini:gemini-2.5-pro,artist,"Romanelli, Giovanni Francesco",Jacob Jordaens,correct,
dido-sacrifice-juno,mythology,Dido's sacrifice to Juno,gemini:gemini-2.5-pro,date,1655,c. 1650,correct,
dido-sacrifice-juno,mythology,Dido's sacrifice to Juno,gemini:gemini-2.5-pro,collection,,,correct,
dido-sacrifice-juno,mythology,Dido's sacrifice to Juno,gemini:gemini-3.5-flash,title,Dido's sacrifice to Juno,Sacrifice to Juno,correct,
dido-sacrifice-juno,mythology,Dido's sacrifice to Juno,gemini:gemini-3.5-flash,artist,"Romanelli, Giovanni Francesco",Eustache Le Sueur,correct,
dido-sacrifice-juno,mythology,Dido's sacrifice to Juno,gemini:gemini-3.5-flash,date,1655,c. 1650,correct,
dido-sacrifice-juno,mythology,Dido's sacrifice to Juno,gemini:gemini-3.5-flash,collection,,"Musée du Louvre, Paris",correct,
embassy-hippolyta,mythology,The Embassy of Hippolyta Queen of the Amazons to Theseus King of Athens,gemini:gemini-2.5-pro,title,"The Embassy of Hippolyta, Queen of the Amazons, to Theseus, King of Athens.",The Tournament of Louvezerp,correct,
embassy-hippolyta,mythology,The Embassy of Hippolyta Queen of the Amazons to Theseus King of Athens,gemini:gemini-2.5-pro,artist,"Carpaccio, Vittore",Antonio Pisanello,correct,
embassy-hippolyta,mythology,The Embassy of Hippolyta Queen of the Amazons to Theseus King of Athens,gemini:gemini-2.5-pro,date,1475-1525,c. 1447-1448,correct,
embassy-hippolyta,mythology,The Embassy of Hippolyta Queen of the Amazons to Theseus King of Athens,gemini:gemini-2.5-pro,collection,,"Palazzo Ducale, Mantua",correct,
embassy-hippolyta,mythology,The Embassy of Hippolyta Queen of the Amazons to Theseus King of Athens,gemini:gemini-3.5-flash,title,"The Embassy of Hippolyta, Queen of the Amazons, to Theseus, King of Athens.",Penthesilea before Priam,correct,
embassy-hippolyta,mythology,The Embassy of Hippolyta Queen of the Amazons to Theseus King of Athens,gemini:gemini-3.5-flash,artist,"Carpaccio, Vittore",Apollonio di Giovanni,correct,
embassy-hippolyta,mythology,The Embassy of Hippolyta Queen of the Amazons to Theseus King of Athens,gemini:gemini-3.5-flash,date,1475-1525,c. 1450-1460,correct,
embassy-hippolyta,mythology,The Embassy of Hippolyta Queen of the Amazons to Theseus King of Athens,gemini:gemini-3.5-flash,collection,,,correct,
flood-deucalion,mythology,A Scene from Greek Mythology: The Flood of the Age of Deucalion,gemini:gemini-2.5-pro,title,A Scene from Greek Mythology: The Flood of the Age of Deucalion.,The Flood (El Diluvio),correct,
flood-deucalion,mythology,A Scene from Greek Mythology: The Flood of the Age of Deucalion,gemini:gemini-2.5-pro,artist,"Carpioni, Giulio",José Aparicio Inglada,correct,
flood-deucalion,mythology,A Scene from Greek Mythology: The Flood of the Age of Deucalion,gemini:gemini-2.5-pro,date,1633-1678,1827,correct,
flood-deucalion,mythology,A Scene from Greek Mythology: The Flood of the Age of Deucalion,gemini:gemini-2.5-pro,collection,,Real Academia de Bellas Artes de San Fernando,correct,
flood-deucalion,mythology,A Scene from Greek Mythology: The Flood of the Age of Deucalion,gemini:gemini-3.5-flash,title,A Scene from Greek Mythology: The Flood of the Age of Deucalion.,The Flood of Deucalion,correct,
flood-deucalion,mythology,A Scene from Greek Mythology: The Flood of the Age of Deucalion,gemini:gemini-3.5-flash,artist,"Carpioni, Giulio",Jean-Baptiste Marie Pierre,correct,
flood-deucalion,mythology,A Scene from Greek Mythology: The Flood of the Age of Deucalion,gemini:gemini-3.5-flash,date,1633-1678,1746,correct,
flood-deucalion,mythology,A Scene from Greek Mythology: The Flood of the Age of Deucalion,gemini:gemini-3.5-flash,collection,,Musée des Beaux-Arts de Nancy,correct,
jason-dragon,mythology,Episode from the Legend of the Argonauts: Jason Slaying the Sleepless Dragon,gemini:gemini-2.5-pro,title,Episode from the Legend of the Argonauts: Jason Slaying the Sleepless Dragon.,Miracle of Saint Maurelius,correct,
jason-dragon,mythology,Episode from the Legend of the Argonauts: Jason Slaying the Sleepless Dragon,gemini:gemini-2.5-pro,artist,"Roberti, Ercole de'",Stefano da Ferrara,correct,
jason-dragon,mythology,Episode from the Legend of the Argonauts: Jason Slaying the Sleepless Dragon,gemini:gemini-2.5-pro,date,1460-1496,c. 1480,correct,
jason-dragon,mythology,Episode from the Legend of the Argonauts: Jason Slaying the Sleepless Dragon,gemini:gemini-2.5-pro,collection,,"Pinacoteca Nazionale, Ferrara",correct,
jason-dragon,mythology,Episode from the Legend of the Argonauts: Jason Slaying the Sleepless Dragon,gemini:gemini-3.5-flash,title,Episode from the Legend of the Argonauts: Jason Slaying the Sleepless Dragon.,Jason and the Golden Fleece,correct,
jason-dragon,mythology,Episode from the Legend of the Argonauts: Jason Slaying the Sleepless Dragon,gemini:gemini-3.5-flash,artist,"Roberti, Ercole de'",Stefano da Ferrara,correct,
jason-dragon,mythology,Episode from the Legend of the Argonauts: Jason Slaying the Sleepless Dragon,gemini:gemini-3.5-flash,date,1460-1496,c. 1490,correct,
jason-dragon,mythology,Episode from the Legend of the Argonauts: Jason Slaying the Sleepless Dragon,gemini:gemini-3.5-flash,collection,,,correct,
judgement-midas,mythology,The Judgement of Midas,gemini:gemini-2.5-pro,title,The Judgement of Midas.,The Judgment of Midas (The Contest between Apollo and Marsyas),correct,
judgement-midas,mythology,The Judgement of Midas,gemini:gemini-2.5-pro,artist,"Cima da Conegliano, Giovanni Battista",Cima da Conegliano,correct,
judgement-midas,mythology,The Judgement of Midas,gemini:gemini-2.5-pro,date,1459-1518,c. 1505-1510,correct,
judgement-midas,mythology,The Judgement of Midas,gemini:gemini-2.5-pro,collection,,"Statens Museum for Kunst, Copenhagen",correct,
judgement-midas,mythology,The Judgement of Midas,gemini:gemini-3.5-flash,title,The Judgement of Midas.,The Judgment of Midas,correct,
judgement-midas,mythology,The Judgement of Midas,gemini:gemini-3.5-flash,artist,"Cima da Conegliano, Giovanni Battista",Cima da Conegliano,correct,
judgement-midas,mythology,The Judgement of Midas,gemini:gemini-3.5-flash,date,1459-1518,c. 1507-1509,correct,
judgement-midas,mythology,The Judgement of Midas,gemini:gemini-3.5-flash,collection,,Statens Museum for Kunst,correct,
jupiter-mercury,mythology,Jupiter and Mercury,gemini:gemini-2.5-pro,title,Jupiter and Mercury.,"Jupiter, Mercury and Virtue",correct,
jupiter-mercury,mythology,Jupiter and Mercury,gemini:gemini-2.5-pro,artist,"Dossi, Dosso",Dosso Dossi (Giovanni di Niccolò de Luteri),correct,
jupiter-mercury,mythology,Jupiter and Mercury,gemini:gemini-2.5-pro,date,1499-1542,c. 1524,correct,
jupiter-mercury,mythology,Jupiter and Mercury,gemini:gemini-2.5-pro,collection,,"Kunsthistorisches Museum, Vienna",correct,
jupiter-mercury,mythology,Jupiter and Mercury,gemini:gemini-3.5-flash,title,Jupiter and Mercury.,"Jupiter, Mercury and Virtue",correct,
jupiter-mercury,mythology,Jupiter and Mercury,gemini:gemini-3.5-flash,artist,"Dossi, Dosso",Dosso Dossi,correct,
jupiter-mercury,mythology,Jupiter and Mercury,gemini:gemini-3.5-flash,date,1499-1542,c. 1524,correct,
jupiter-mercury,mythology,Jupiter and Mercury,gemini:gemini-3.5-flash,collection,,"Wawel Royal Castle, Kraków",correct,
marriage-cupid-psyche,mythology,Marriage of Cupid and Psyche,gemini:gemini-2.5-pro,title,Marriage of Cupid and Psyche,The Marriage of Cupid and Psyche,correct,
marriage-cupid-psyche,mythology,Marriage of Cupid and Psyche,gemini:gemini-2.5-pro,artist,,Pompeo Batoni,correct,
marriage-cupid-psyche,mythology,Marriage of Cupid and Psyche,gemini:gemini-2.5-pro,date,19th century,1756,correct,
marriage-cupid-psyche,mythology,Marriage of Cupid and Psyche,gemini:gemini-2.5-pro,collection,,"Gemäldegalerie, Berlin",correct,
marriage-cupid-psyche,mythology,Marriage of Cupid and Psyche,gemini:gemini-3.5-flash,title,Marriage of Cupid and Psyche,The Marriage of Cupid and Psyche,correct,
marriage-cupid-psyche,mythology,Marriage of Cupid and Psyche,gemini:gemini-3.5-flash,artist,,Eustache Le Sueur,correct,
marriage-cupid-psyche,mythology,Marriage of Cupid and Psyche,gemini:gemini-3.5-flash,date,19th century,c. 1645,correct,
marriage-cupid-psyche,mythology,Marriage of Cupid and Psyche,gemini:gemini-3.5-flash,collection,,Musée du Louvre,correct,
meeting-dido-aeneas,mythology,The meeting of Dido and Aeneas,gemini:gemini-2.5-pro,title,The meeting of Dido and Aeneas,The Meeting of Dido and Aeneas,correct,
meeting-dido-aeneas,mythology,The meeting of Dido and Aeneas,gemini:gemini-2.5-pro,artist,"Coignet, Michiel (II)",Giovanni Battista Tiepolo,correct,
meeting-dido-aeneas,mythology,The meeting of Dido and Aeneas,gemini:gemini-2.5-pro,date,1648 (dated),c. 1757,correct,
meeting-dido-aeneas,mythology,The meeting of Dido and Aeneas,gemini:gemini-2.5-pro,collection,,"Villa Valmarana ai Nani, Vicenza",correct,
meeting-dido-aeneas,mythology,The meeting of Dido and Aeneas,gemini:gemini-3.5-flash,title,The meeting of Dido and Aeneas,The Meeting of Dido and Aeneas,correct,
meeting-dido-aeneas,mythology,The meeting of Dido and Aeneas,gemini:gemini-3.5-flash,artist,"Coignet, Michiel (II)",Peter Paul Rubens,correct,
meeting-dido-aeneas,mythology,The meeting of Dido and Aeneas,gemini:gemini-3.5-flash,date,1648 (dated),c. 1630,correct,
meeting-dido-aeneas,mythology,The meeting of Dido and Aeneas,gemini:gemini-3.5-flash,collection,,,correct,
nausicaa-ulysses,mythology,The meeting of Nausicaa and Ulysses,gemini:gemini-2.5-pro,title,The meeting of Nausicaa and Ulysses,The Feast of the Gods,correct,
nausicaa-ulysses,mythology,The meeting of Nausicaa and Ulysses,gemini:gemini-2.5-pro,artist,"Lastman, Pieter",Hendrik van Balen the Elder and Jan Brueghel the Elder,correct,
nausicaa-ulysses,mythology,The meeting of Nausicaa and Ulysses,gemini:gemini-2.5-pro,date,dated 1619,c. 1608-1610,correct,
nausicaa-ulysses,mythology,The meeting of Nausicaa and Ulysses,gemini:gemini-2.5-pro,collection,,,correct,
nausicaa-ulysses,mythology,The meeting of Nausicaa and Ulysses,gemini:gemini-3.5-flash,title,The meeting of Nausicaa and Ulysses,The Finding of Erichthonius,correct,
nausicaa-ulysses,mythology,The meeting of Nausicaa and Ulysses,gemini:gemini-3.5-flash,artist,"Lastman, Pieter",Peter Paul Rubens,correct,
nausicaa-ulysses,mythology,The meeting of Nausicaa and Ulysses,gemini:gemini-3.5-flash,date,dated 1619,ca. 1632-1633,correct,
nausicaa-ulysses,mythology,The meeting of Nausicaa and Ulysses,gemini:gemini-3.5-flash,collection,,Allen Memorial Art Museum,correct,
prometheus-chained-vulcan,mythology,Prometheus chained by Vulcan,gemini:gemini-2.5-pro,title,Prometheus chained by Vulcan,Prometheus Being Chained by Vulcan,correct,
prometheus-chained-vulcan,mythology,Prometheus chained by Vulcan,gemini:gemini-2.5-pro,artist,"Baburen, Dirck van",Dirck van Baburen,correct,
prometheus-chained-vulcan,mythology,Prometheus chained by Vulcan,gemini:gemini-2.5-pro,date,1623,c. 1623,correct,
prometheus-chained-vulcan,mythology,Prometheus chained by Vulcan,gemini:gemini-2.5-pro,collection,Rijksmuseum,Rijksmuseum,correct,
prometheus-chained-vulcan,mythology,Prometheus chained by Vulcan,gemini:gemini-3.5-flash,title,Prometheus chained by Vulcan,Prometheus Being Chained by Vulcan,correct,
prometheus-chained-vulcan,mythology,Prometheus chained by Vulcan,gemini:gemini-3.5-flash,artist,"Baburen, Dirck van",Dirck van Baburen,correct,
prometheus-chained-vulcan,mythology,Prometheus chained by Vulcan,gemini:gemini-3.5-flash,date,1623,1623,correct,
prometheus-chained-vulcan,mythology,Prometheus chained by Vulcan,gemini:gemini-3.5-flash,collection,Rijksmuseum,Rijksmuseum,correct,
rape-deianira,mythology,The Rape of Deianira,gemini:gemini-2.5-pro,title,The Rape of Deianira.,The Rape of Deianira,correct,
rape-deianira,mythology,The Rape of Deianira,gemini:gemini-2.5-pro,artist,"Pollaiolo, Antonio",Antonio del Pollaiuolo,correct,
rape-deianira,mythology,The Rape of Deianira,gemini:gemini-2.5-pro,date,1473,c. 1470-1475,correct,
rape-deianira,mythology,The Rape of Deianira,gemini:gemini-2.5-pro,collection,,Yale University Art Gallery,correct,
rape-deianira,mythology,The Rape of Deianira,gemini:gemini-3.5-flash,title,The Rape of Deianira.,Hercules and Deianira,correct,
rape-deianira,mythology,The Rape of Deianira,gemini:gemini-3.5-flash,artist,"Pollaiolo, Antonio",Antonio del Pollaiuolo,correct,
rape-deianira,mythology,The Rape of Deianira,gemini:gemini-3.5-flash,date,1473,c. 1470,correct,
rape-deianira,mythology,The Rape of Deianira,gemini:gemini-3.5-flash,collection,,Yale University Art Gallery,correct,
sacrifice-iphigenia,mythology,The sacrifice of Iphigenia,gemini:gemini-2.5-pro,title,The sacrifice of Iphigenia,The Sacrifice of Iphigenia,correct,
sacrifice-iphigenia,mythology,The sacrifice of Iphigenia,gemini:gemini-2.5-pro,artist,"Wet, Jacob de (I)",Jan Victors,correct,
sacrifice-iphigenia,mythology,The sacrifice of Iphigenia,gemini:gemini-2.5-pro,date,1635 - 1672,c. 1640-1650,correct,
sacrifice-iphigenia,mythology,The sacrifice of Iphigenia,gemini:gemini-2.5-pro,collection,,Rijksmuseum,correct,
sacrifice-iphigenia,mythology,The sacrifice of Iphigenia,gemini:gemini-3.5-flash,title,The sacrifice of Iphigenia,The Sacrifice of Iphigenia,correct,
sacrifice-iphigenia,mythology,The sacrifice of Iphigenia,gemini:gemini-3.5-flash,artist,"Wet, Jacob de (I)",Pieter Lastman,correct,
sacrifice-iphigenia,mythology,The sacrifice of Iphigenia,gemini:gemini-3.5-flash,date,1635 - 1672,1614,correct,
sacrifice-iphigenia,mythology,The sacrifice of Iphigenia,gemini:gemini-3.5-flash,collection,,"Rijksmuseum, Amsterdam",correct,
sacrifice-venus-temple,mythology,Sacrifice to Venus in a temple,gemini:gemini-2.5-pro,title,Sacrifice to Venus in a temple,The Worship of Venus,correct,
sacrifice-venus-temple,mythology,Sacrifice to Venus in a temple,gemini:gemini-2.5-pro,artist,"Rubens, Peter Paul",Peter Paul Rubens,correct,
sacrifice-venus-temple,mythology,Sacrifice to Venus in a temple,gemini:gemini-2.5-pro,date,c. 1630,c. 1636-1637,correct,
sacrifice-venus-temple,mythology,Sacrifice to Venus in a temple,gemini:gemini-2.5-pro,collection,,Museo Nacional del Prado,correct,
sacrifice-venus-temple,mythology,Sacrifice to Venus in a temple,gemini:gemini-3.5-flash,title,Sacrifice to Venus in a temple,The Feast of Venus,correct,
sacrifice-venus-temple,mythology,Sacrifice to Venus in a temple,gemini:gemini-3.5-flash,artist,"Rubens, Peter Paul",Peter Paul Rubens,correct,
sacrifice-venus-temple,mythology,Sacrifice to Venus in a temple,gemini:gemini-3.5-flash,date,c. 1630,c. 1636-1637,correct,
sacrifice-venus-temple,mythology,Sacrifice to Venus in a temple,gemini:gemini-3.5-flash,collection,,"Kunsthistorisches Museum, Vienna",correct,
taking-athens-minos,mythology,The Taking of Athens by Minos,gemini:gemini-2.5-pro,title,The Taking of Athens by Minos.,The Victory of Charlemagne over the Avars near Regensburg,correct,
taking-athens-minos,mythology,The Taking of Athens by Minos,gemini:gemini-2.5-pro,artist,Master of the Campana Cassoni,Albrecht Altdorfer,correct,
taking-athens-minos,mythology,The Taking of Athens by Minos,gemini:gemini-2.5-pro,date,1515-1519,c. 1518,correct,
taking-athens-minos,mythology,The Taking of Athens by Minos,gemini:gemini-2.5-pro,collection,,"Gabinetto dei Disegni e delle Stampe, Uffizi Gallery",correct,
taking-athens-minos,mythology,The Taking of Athens by Minos,gemini:gemini-3.5-flash,title,The Taking of Athens by Minos.,,correct,
taking-athens-minos,mythology,The Taking of Athens by Minos,gemini:gemini-3.5-flash,artist,Master of the Campana Cassoni,,correct,
taking-athens-minos,mythology,The Taking of Athens by Minos,gemini:gemini-3.5-flash,date,1515-1519,,correct,
taking-athens-minos,mythology,The Taking of Athens by Minos,gemini:gemini-3.5-flash,collection,,,correct,
triumph-bacchus,mythology,De triomf van Bacchus,gemini:gemini-2.5-pro,title,The triumph of Bacchus,The Triumph of Bacchus,correct,
triumph-bacchus,mythology,De triomf van Bacchus,gemini:gemini-2.5-pro,artist,"Mont, Deodat van der",Cornelis de Vos,correct,
triumph-bacchus,mythology,De triomf van Bacchus,gemini:gemini-2.5-pro,date,first half 17th century,c. 1636,correct,
triumph-bacchus,mythology,De triomf van Bacchus,gemini:gemini-2.5-pro,collection,,"Museo Nacional del Prado, Madrid",correct,
triumph-bacchus,mythology,De triomf van Bacchus,gemini:gemini-3.5-flash,title,The triumph of Bacchus,The Triumph of Bacchus,correct,
triumph-bacchus,mythology,De triomf van Bacchus,gemini:gemini-3.5-flash,artist,"Mont, Deodat van der",Frans Francken the Younger,correct,
triumph-bacchus,mythology,De triomf van Bacchus,gemini:gemini-3.5-flash,date,first half 17th century,c. 1620,correct,
triumph-bacchus,mythology,De triomf van Bacchus,gemini:gemini-3.5-flash,collection,,,correct,
triumph-mars,mythology,The triumph of Mars: an Allegory of War,gemini:gemini-2.5-pro,title,The triumph of Mars: an Allegory of War,The Triumph of a Roman General,correct,
triumph-mars,mythology,The triumph of Mars: an Allegory of War,gemini:gemini-2.5-pro,artist,"Nieulandt, Guilliam van (II)",Willem van Nieulandt II,correct,
triumph-mars,mythology,The triumph of Mars: an Allegory of War,gemini:gemini-2.5-pro,date,1627 (dated),c. 1620,correct,
triumph-mars,mythology,The triumph of Mars: an Allegory of War,gemini:gemini-2.5-pro,collection,,Herzog Anton Ulrich-Museum,correct,
triumph-mars,mythology,The triumph of Mars: an Allegory of War,gemini:gemini-3.5-flash,title,The triumph of Mars: an Allegory of War,The Triumph of Scipio Africanus,correct,
triumph-mars,mythology,The triumph of Mars: an Allegory of War,gemini:gemini-3.5-flash,artist,"Nieulandt, Guilliam van (II)",Willem van Nieulandt II,correct,
triumph-mars,mythology,The triumph of Mars: an Allegory of War,gemini:gemini-3.5-flash,date,1627 (dated),1615,correct,
triumph-mars,mythology,The triumph of Mars: an Allegory of War,gemini:gemini-3.5-flash,collection,,"Rijksmuseum, Amsterdam",correct,
wedding-peleus-thetis,mythology,The wedding of Peleus and Thetis,gemini:gemini-2.5-pro,title,The wedding of Peleus and Thetis,The Wedding of Peleus and Thetis,correct,
wedding-peleus-thetis,mythology,The wedding of Peleus and Thetis,gemini:gemini-2.5-pro,artist,"Cornelisz. van Haarlem, Cornelis",Joachim Wtewael,correct,
wedding-peleus-thetis,mythology,The wedding of Peleus and Thetis,gemini:gemini-2.5-pro,date,1592-1593,c. 1612,correct,
wedding-peleus-thetis,mythology,The wedding of Peleus and Thetis,gemini:gemini-2.5-pro,collection,,"Alte Pinakothek, Munich",correct,
wedding-peleus-thetis,mythology,The wedding of Peleus and Thetis,gemini:gemini-3.5-flash,title,The wedding of Peleus and Thetis,The Feast of the Gods,correct,
wedding-peleus-thetis,mythology,The wedding of Peleus and Thetis,gemini:gemini-3.5-flash,artist,"Cornelisz. van Haarlem, Cornelis",Frans Floris,correct,
wedding-peleus-thetis,mythology,The wedding of Peleus and Thetis,gemini:gemini-3.5-flash,date,1592-1593,1550,correct,
wedding-peleus-thetis,mythology,The wedding of Peleus and Thetis,gemini:gemini-3.5-flash,collection,,Royal Museum of Fine Arts Antwerp,correct,
abigail-david,old_testament,Abigail in Supplication before David,gemini:gemini-2.5-pro,title,Abigail in Supplication before David.,The Meeting of David and Abigail,correct,
abigail-david,old_testament,Abigail in Supplication before David,gemini:gemini-2.5-pro,artist,"Cornelisz van Oostsanen, Jacob",Master of the von Groote Adoration,correct,
abigail-david,old_testament,Abigail in Supplication before David,gemini:gemini-2.5-pro,date,1453-1533,c. 1515-1520,correct,
abigail-david,old_testament,Abigail in Supplication before David,gemini:gemini-2.5-pro,collection,,"Städel Museum, Frankfurt am Main",correct,
abigail-david,old_testament,Abigail in Supplication before David,gemini:gemini-3.5-flash,title,Abigail in Supplication before David.,The Meeting of David and Abigail,correct,
abigail-david,old_testament,Abigail in Supplication before David,gemini:gemini-3.5-flash,artist,"Cornelisz van Oostsanen, Jacob",Lucas van Leyden,correct,
abigail-david,old_testament,Abigail in Supplication before David,gemini:gemini-3.5-flash,date,1453-1533,c. 1515-1520,correct,
abigail-david,old_testament,Abigail in Supplication before David,gemini:gemini-3.5-flash,collection,,Detroit Institute of Arts,correct,
abraham-isaac,old_testament,The sacrifice of Isaac (Abraham and Isaac),gemini:gemini-2.5-pro,title,,The Sacrifice of Isaac,correct,
abraham-isaac,old_testament,The sacrifice of Isaac (Abraham and Isaac),gemini:gemini-2.5-pro,artist,,Mattia Preti,correct,
abraham-isaac,old_testament,The sacrifice of Isaac (Abraham and Isaac),gemini:gemini-2.5-pro,date,,c. 1653-1656,correct,
abraham-isaac,old_testament,The sacrifice of Isaac (Abraham and Isaac),gemini:gemini-2.5-pro,collection,,Museo di Capodimonte,correct,
abraham-isaac,old_testament,The sacrifice of Isaac (Abraham and Isaac),gemini:gemini-3.5-flash,title,,The Sacrifice of Isaac,correct,
abraham-isaac,old_testament,The sacrifice of Isaac (Abraham and Isaac),gemini:gemini-3.5-flash,artist,,Orazio Riminaldi,correct,
abraham-isaac,old_testament,The sacrifice of Isaac (Abraham and Isaac),gemini:gemini-3.5-flash,date,,c. 1625,correct,
abraham-isaac,old_testament,The sacrifice of Isaac (Abraham and Isaac),gemini:gemini-3.5-flash,collection,,"Galleria Nazionale d'Arte Antica, Rome",correct,
abraham-melchizedek,old_testament,Abraham Meeting Melchizedek,gemini:gemini-2.5-pro,title,Abraham Meeting Melchizedek.,The Meeting of Abraham and Melchizedek,correct,
abraham-melchizedek,old_testament,Abraham Meeting Melchizedek,gemini:gemini-2.5-pro,artist,"Bleker, Gerrit Claesz",Peter Paul Rubens,correct,
abraham-melchizedek,old_testament,Abraham Meeting Melchizedek,gemini:gemini-2.5-pro,date,1625-1656,c. 1626,correct,
abraham-melchizedek,old_testament,Abraham Meeting Melchizedek,gemini:gemini-2.5-pro,collection,,"National Gallery of Art, Washington D.C.",correct,
abraham-melchizedek,old_testament,Abraham Meeting Melchizedek,gemini:gemini-3.5-flash,title,Abraham Meeting Melchizedek.,The Conversion of Saint Bavo,correct,
abraham-melchizedek,old_testament,Abraham Meeting Melchizedek,gemini:gemini-3.5-flash,artist,"Bleker, Gerrit Claesz",Gaspar de Crayer,correct,
abraham-melchizedek,old_testament,Abraham Meeting Melchizedek,gemini:gemini-3.5-flash,date,1625-1656,c. 1630-1650,correct,
abraham-melchizedek,old_testament,Abraham Meeting Melchizedek,gemini:gemini-3.5-flash,collection,,"Museum of Fine Arts, Ghent",correct,
abram-lot-divide,old_testament,Abram and Lot Dividing up the World between Them,gemini:gemini-2.5-pro,title,Abram and Iot Dividing up the World between Them.,The Philosophers (Pythagoras and his pupils),correct,
abram-lot-divide,old_testament,Abram and Lot Dividing up the World between Them,gemini:gemini-2.5-pro,artist,"Zanchi, Antonio",Antonio Zanchi,correct,
abram-lot-divide,old_testament,Abram and Lot Dividing up the World between Them,gemini:gemini-2.5-pro,date,1651-1722,c. 1665,correct,
abram-lot-divide,old_testament,Abram and Lot Dividing up the World between Them,gemini:gemini-2.5-pro,collection,,"Accademia Carrara, Bergamo",correct,
abram-lot-divide,old_testament,Abram and Lot Dividing up the World between Them,gemini:gemini-3.5-flash,title,Abram and Iot Dividing up the World between Them.,Archimedes,correct,
abram-lot-divide,old_testament,Abram and Lot Dividing up the World between Them,gemini:gemini-3.5-flash,artist,"Zanchi, Antonio",Antonio Zanchi,correct,
abram-lot-divide,old_testament,Abram and Lot Dividing up the World between Them,gemini:gemini-3.5-flash,date,1651-1722,ca. 1670,correct,
abram-lot-divide,old_testament,Abram and Lot Dividing up the World between Them,gemini:gemini-3.5-flash,collection,,,correct,
balaam-ass,old_testament,Balaam strikes his ass; the ass lies down and starts to speak,gemini:gemini-2.5-pro,title,Balaam and his ass,Balaam and the Ass,correct,
balaam-ass,old_testament,Balaam strikes his ass; the ass lies down and starts to speak,gemini:gemini-2.5-pro,artist,"Lastman, Pieter",Rembrandt van Rijn,correct,
balaam-ass,old_testament,Balaam strikes his ass; the ass lies down and starts to speak,gemini:gemini-2.5-pro,date,dated 1622,1626,correct,
balaam-ass,old_testament,Balaam strikes his ass; the ass lies down and starts to speak,gemini:gemini-2.5-pro,collection,,Musée Cognacq-Jay,correct,
balaam-ass,old_testament,Balaam strikes his ass; the ass lies down and starts to speak,gemini:gemini-3.5-flash,title,Balaam and his ass,Balaam and the Ass,correct,
balaam-ass,old_testament,Balaam strikes his ass; the ass lies down and starts to speak,gemini:gemini-3.5-flash,artist,"Lastman, Pieter",Rembrandt van Rijn,correct,
balaam-ass,old_testament,Balaam strikes his ass; the ass lies down and starts to speak,gemini:gemini-3.5-flash,date,dated 1622,1626,correct,
balaam-ass,old_testament,Balaam strikes his ass; the ass lies down and starts to speak,gemini:gemini-3.5-flash,collection,,Musée Cognacq-Jay,correct,
bathsheba-letter,old_testament,Bathsheba receives a letter from David,gemini:gemini-2.5-pro,title,Bathsheba receives a letter from David (2 Samuel 11:4),Bathsheba at her Fountain,correct,
bathsheba-letter,old_testament,Bathsheba receives a letter from David,gemini:gemini-2.5-pro,artist,"Rubens, Peter Paul [free after]",Hieronymus Francken the Younger,correct,
bathsheba-letter,old_testament,Bathsheba receives a letter from David,gemini:gemini-2.5-pro,date,after 1635,c. 1625-1635,correct,
bathsheba-letter,old_testament,Bathsheba receives a letter from David,gemini:gemini-2.5-pro,collection,,,correct,
bathsheba-letter,old_testament,Bathsheba receives a letter from David,gemini:gemini-3.5-flash,title,Bathsheba receives a letter from David (2 Samuel 11:4),Bathsheba at her Bath,correct,
bathsheba-letter,old_testament,Bathsheba receives a letter from David,gemini:gemini-3.5-flash,artist,"Rubens, Peter Paul [free after]",Jan Brueghel the Younger and Hendrick van Balen,correct,
bathsheba-letter,old_testament,Bathsheba receives a letter from David,gemini:gemini-3.5-flash,date,after 1635,c. 1625-1630,correct,
bathsheba-letter,old_testament,Bathsheba receives a letter from David,gemini:gemini-3.5-flash,collection,,,correct,
belshazzar-feast,old_testament,Belshazzar's Feast (Daniel 5:5-7),gemini:gemini-2.5-pro,title,,Belshazzar's Feast,correct,
belshazzar-feast,old_testament,Belshazzar's Feast (Daniel 5:5-7),gemini:gemini-2.5-pro,artist,,Frans van der Keulen,correct,
belshazzar-feast,old_testament,Belshazzar's Feast (Daniel 5:5-7),gemini:gemini-2.5-pro,date,,1701,correct,
belshazzar-feast,old_testament,Belshazzar's Feast (Daniel 5:5-7),gemini:gemini-2.5-pro,collection,,,correct,
belshazzar-feast,old_testament,Belshazzar's Feast (Daniel 5:5-7),gemini:gemini-3.5-flash,title,,Belshazzar's Feast,correct,
belshazzar-feast,old_testament,Belshazzar's Feast (Daniel 5:5-7),gemini:gemini-3.5-flash,artist,,F. C. Keilles,correct,
belshazzar-feast,old_testament,Belshazzar's Feast (Daniel 5:5-7),gemini:gemini-3.5-flash,date,,1701,correct,
belshazzar-feast,old_testament,Belshazzar's Feast (Daniel 5:5-7),gemini:gemini-3.5-flash,collection,,,correct,
drunkenness-noah,old_testament,The drunkenness of Noah,gemini:gemini-2.5-pro,title,The drunkenness of Noah,The Drunkenness of Noah,correct,
drunkenness-noah,old_testament,The drunkenness of Noah,gemini:gemini-2.5-pro,artist,"Floris, Frans (I) [circle of]",Jacopo Tintoretto,correct,
drunkenness-noah,old_testament,The drunkenness of Noah,gemini:gemini-2.5-pro,date,c. 1550-1574,c. 1550-1560,correct,
drunkenness-noah,old_testament,The drunkenness of Noah,gemini:gemini-2.5-pro,collection,,Musée des Beaux-Arts de Bordeaux,correct,
drunkenness-noah,old_testament,The drunkenness of Noah,gemini:gemini-3.5-flash,title,The drunkenness of Noah,The Drunkenness of Noah,correct,
drunkenness-noah,old_testament,The drunkenness of Noah,gemini:gemini-3.5-flash,artist,"Floris, Frans (I) [circle of]",Bernardo Strozzi,correct,
drunkenness-noah,old_testament,The drunkenness of Noah,gemini:gemini-3.5-flash,date,c. 1550-1574,c. 1630,correct,
drunkenness-noah,old_testament,The drunkenness of Noah,gemini:gemini-3.5-flash,collection,,"Palazzo Rosso, Genoa",correct,
elisha-shunem-woman,old_testament,The Prophet Elisha and the Rich Woman of Shunem,gemini:gemini-2.5-pro,title,The Prophet Elisha and the Rich Woman of Shunem.,Landscape with Elijah and the Angel,correct,
elisha-shunem-woman,old_testament,The Prophet Elisha and the Rich Woman of Shunem,gemini:gemini-2.5-pro,artist,"Mola, Pier Francesco",Gaspard Dughet,correct,
elisha-shunem-woman,old_testament,The Prophet Elisha and the Rich Woman of Shunem,gemini:gemini-2.5-pro,date,1648-1650,c. 1650-1660,correct,
elisha-shunem-woman,old_testament,The Prophet Elisha and the Rich Woman of Shunem,gemini:gemini-2.5-pro,collection,,"The National Gallery, London",correct,
elisha-shunem-woman,old_testament,The Prophet Elisha and the Rich Woman of Shunem,gemini:gemini-3.5-flash,title,The Prophet Elisha and the Rich Woman of Shunem.,Landscape with Elijah and the Widow of Zarephath,correct,
elisha-shunem-woman,old_testament,The Prophet Elisha and the Rich Woman of Shunem,gemini:gemini-3.5-flash,artist,"Mola, Pier Francesco",Francisque Millet,correct,
elisha-shunem-woman,old_testament,The Prophet Elisha and the Rich Woman of Shunem,gemini:gemini-3.5-flash,date,1648-1650,c. 1670-1679,correct,
elisha-shunem-woman,old_testament,The Prophet Elisha and the Rich Woman of Shunem,gemini:gemini-3.5-flash,collection,,"National Gallery, London",correct,
feast-esther,old_testament,Feast of Esther,gemini:gemini-2.5-pro,title,Feast of Esther.,The Feast of Esther,correct,
feast-esther,old_testament,Feast of Esther,gemini:gemini-2.5-pro,artist,"Cortona, Pietro da",Pietro della Vecchia,correct,
feast-esther,old_testament,Feast of Esther,gemini:gemini-2.5-pro,date,1622-1678,c. 1645-1650,correct,
feast-esther,old_testament,Feast of Esther,gemini:gemini-2.5-pro,collection,,J. Paul Getty Museum,correct,
feast-esther,old_testament,Feast of Esther,gemini:gemini-3.5-flash,title,Feast of Esther.,Feast of Esther,correct,
feast-esther,old_testament,Feast of Esther,gemini:gemini-3.5-flash,artist,"Cortona, Pietro da",Pietro della Vecchia,correct,
feast-esther,old_testament,Feast of Esther,gemini:gemini-3.5-flash,date,1622-1678,ca. 1640,correct,
feast-esther,old_testament,Feast of Esther,gemini:gemini-3.5-flash,collection,,J. Paul Getty Museum,correct,
finding-moses,old_testament,The finding of Moses: Pharaoh's daughter comes to bathe with her maidens in the river and discovers the child floating on the water,gemini:gemini-2.5-pro,title,,The Finding of Moses,correct,
finding-moses,old_testament,The finding of Moses: Pharaoh's daughter comes to bathe with her maidens in the river and discovers the child floating on the water,gemini:gemini-2.5-pro,artist,,Unknown,correct,
finding-moses,old_testament,The finding of Moses: Pharaoh's daughter comes to bathe with her maidens in the river and discovers the child floating on the water,gemini:gemini-2.5-pro,date,,17th century,correct,
finding-moses,old_testament,The finding of Moses: Pharaoh's daughter comes to bathe with her maidens in the river and discovers the child floating on the water,gemini:gemini-2.5-pro,collection,,Unknown,correct,
finding-moses,old_testament,The finding of Moses: Pharaoh's daughter comes to bathe with her maidens in the river and discovers the child floating on the water,gemini:gemini-3.5-flash,title,,The Finding of Moses,correct,
finding-moses,old_testament,The finding of Moses: Pharaoh's daughter comes to bathe with her maidens in the river and discovers the child floating on the water,gemini:gemini-3.5-flash,artist,,Giovanni Francesco Romanelli,correct,
finding-moses,old_testament,The finding of Moses: Pharaoh's daughter comes to bathe with her maidens in the river and discovers the child floating on the water,gemini:gemini-3.5-flash,date,,17th century,correct,
finding-moses,old_testament,The finding of Moses: Pharaoh's daughter comes to bathe with her maidens in the river and discovers the child floating on the water,gemini:gemini-3.5-flash,collection,,"Galleria Nazionale d'Arte Antica, Rome",correct,
gathering-manna,old_testament,The Gathering of Manna,gemini:gemini-2.5-pro,title,The Gathering of Manna.,The Israelites Gathering Manna,correct,
gathering-manna,old_testament,The Gathering of Manna,gemini:gemini-2.5-pro,artist,Bramantino,Ercole de' Roberti,correct,
gathering-manna,old_testament,The Gathering of Manna,gemini:gemini-2.5-pro,date,1503-1506,c. 1490,correct,
gathering-manna,old_testament,The Gathering of Manna,gemini:gemini-2.5-pro,collection,,"The National Gallery, London",correct,
gathering-manna,old_testament,The Gathering of Manna,gemini:gemini-3.5-flash,title,The Gathering of Manna.,The Gathering of Manna,correct,
gathering-manna,old_testament,The Gathering of Manna,gemini:gemini-3.5-flash,artist,Bramantino,Bernardino Luini,correct,
gathering-manna,old_testament,The Gathering of Manna,gemini:gemini-3.5-flash,date,1503-1506,c. 1520-1523,correct,
gathering-manna,old_testament,The Gathering of Manna,gemini:gemini-3.5-flash,collection,,Pinacoteca di Brera,correct,
hagar-ishmael,old_testament,Hagar Ishmael and the Angel in the Wilderness,gemini:gemini-2.5-pro,title,"Hagar, Ishmael and the Angel in the Wilderness.",Hagar and the Angel,correct,
hagar-ishmael,old_testament,Hagar Ishmael and the Angel in the Wilderness,gemini:gemini-2.5-pro,artist,"Cortona, Pietro da",Pompeo Batoni,correct,
hagar-ishmael,old_testament,Hagar Ishmael and the Angel in the Wilderness,gemini:gemini-2.5-pro,date,1637 - 1638,1776,correct,
hagar-ishmael,old_testament,Hagar Ishmael and the Angel in the Wilderness,gemini:gemini-2.5-pro,collection,,Galleria Nazionale d'Arte Antica - Palazzo Corsini,correct,
hagar-ishmael,old_testament,Hagar Ishmael and the Angel in the Wilderness,gemini:gemini-3.5-flash,title,"Hagar, Ishmael and the Angel in the Wilderness.",Hagar and Ishmael in the Wilderness,correct,
hagar-ishmael,old_testament,Hagar Ishmael and the Angel in the Wilderness,gemini:gemini-3.5-flash,artist,"Cortona, Pietro da",Carlo Maratta,correct,
hagar-ishmael,old_testament,Hagar Ishmael and the Angel in the Wilderness,gemini:gemini-3.5-flash,date,1637 - 1638,c. 1680,correct,
hagar-ishmael,old_testament,Hagar Ishmael and the Angel in the Wilderness,gemini:gemini-3.5-flash,collection,,Museo del Prado,correct,
isaac-blesses-jacob,old_testament,Isaac blesses Jacob disguised in Esau's clothes; Jacob's hands and neck covered with goatskins,gemini:gemini-2.5-pro,title,Isaac blessing Jacob,Isaac Blessing Jacob,correct,
isaac-blesses-jacob,old_testament,Isaac blesses Jacob disguised in Esau's clothes; Jacob's hands and neck covered with goatskins,gemini:gemini-2.5-pro,artist,"Horst, Gerrit Willemsz.",Govert Flinck,correct,
isaac-blesses-jacob,old_testament,Isaac blesses Jacob disguised in Esau's clothes; Jacob's hands and neck covered with goatskins,gemini:gemini-2.5-pro,date,1638,c. 1638,correct,
isaac-blesses-jacob,old_testament,Isaac blesses Jacob disguised in Esau's clothes; Jacob's hands and neck covered with goatskins,gemini:gemini-2.5-pro,collection,,Rijksmuseum,correct,
isaac-blesses-jacob,old_testament,Isaac blesses Jacob disguised in Esau's clothes; Jacob's hands and neck covered with goatskins,gemini:gemini-3.5-flash,title,Isaac blessing Jacob,Isaac Blessing Jacob,correct,
isaac-blesses-jacob,old_testament,Isaac blesses Jacob disguised in Esau's clothes; Jacob's hands and neck covered with goatskins,gemini:gemini-3.5-flash,artist,"Horst, Gerrit Willemsz.",Govert Flinck,correct,
isaac-blesses-jacob,old_testament,Isaac blesses Jacob disguised in Esau's clothes; Jacob's hands and neck covered with goatskins,gemini:gemini-3.5-flash,date,1638,1638,correct,
isaac-blesses-jacob,old_testament,Isaac blesses Jacob disguised in Esau's clothes; Jacob's hands and neck covered with goatskins,gemini:gemini-3.5-flash,collection,,"Rijksmuseum, Amsterdam",correct,
jacob-esau-reconcile,old_testament,Reconciliation of Jacob and Esau,gemini:gemini-2.5-pro,title,Reconciliation of Jacob and Esau.,The Rape of the Sabine Women,correct,
jacob-esau-reconcile,old_testament,Reconciliation of Jacob and Esau,gemini:gemini-2.5-pro,artist,"Cortona, Pietro da",Pietro da Cortona,correct,
jacob-esau-reconcile,old_testament,Reconciliation of Jacob and Esau,gemini:gemini-2.5-pro,date,1616-1669,c. 1629-1631,correct,
jacob-esau-reconcile,old_testament,Reconciliation of Jacob and Esau,gemini:gemini-2.5-pro,collection,,"Capitoline Museums, Rome",correct,
jacob-esau-reconcile,old_testament,Reconciliation of Jacob and Esau,gemini:gemini-3.5-flash,title,Reconciliation of Jacob and Esau.,The Meeting of Jacob and Esau,correct,
jacob-esau-reconcile,old_testament,Reconciliation of Jacob and Esau,gemini:gemini-3.5-flash,artist,"Cortona, Pietro da",Giovanni Maria Bottalla,correct,
jacob-esau-reconcile,old_testament,Reconciliation of Jacob and Esau,gemini:gemini-3.5-flash,date,1616-1669,c. 1640,correct,
jacob-esau-reconcile,old_testament,Reconciliation of Jacob and Esau,gemini:gemini-3.5-flash,collection,,"Capitoline Museums, Rome",correct,
jephtha-daughter,old_testament,Jephtha welcomed by his daughter (Judges 11:29-40),gemini:gemini-2.5-pro,title,Jephtha welcomed by his daughter (Judges 11:29-40),The Meeting of Jephthah and His Daughter,correct,
jephtha-daughter,old_testament,Jephtha welcomed by his daughter (Judges 11:29-40),gemini:gemini-2.5-pro,artist,"Francken, Hieronymus (III)",Frans Francken the Younger,correct,
jephtha-daughter,old_testament,Jephtha welcomed by his daughter (Judges 11:29-40),gemini:gemini-2.5-pro,date,1626 - 1661,c. 1630-1635,correct,
jephtha-daughter,old_testament,Jephtha welcomed by his daughter (Judges 11:29-40),gemini:gemini-2.5-pro,collection,,,correct,
jephtha-daughter,old_testament,Jephtha welcomed by his daughter (Judges 11:29-40),gemini:gemini-3.5-flash,title,Jephtha welcomed by his daughter (Judges 11:29-40),The Meeting of Jephthah and his Daughter,correct,
jephtha-daughter,old_testament,Jephtha welcomed by his daughter (Judges 11:29-40),gemini:gemini-3.5-flash,artist,"Francken, Hieronymus (III)",Frans Francken II,correct,
jephtha-daughter,old_testament,Jephtha welcomed by his daughter (Judges 11:29-40),gemini:gemini-3.5-flash,date,1626 - 1661,c. 1620,correct,
jephtha-daughter,old_testament,Jephtha welcomed by his daughter (Judges 11:29-40),gemini:gemini-3.5-flash,collection,,,correct,
jeremiah-baruch,old_testament,Jeremiah Dictating His Prophecy of the Destruction of Jerusalem to Baruch the Scribe,gemini:gemini-2.5-pro,title,Jeremiah Dictating His Prophecy of the Destruction of Jerusalem to Baruch the Scribe.,Jeremiah Dictating His Prophecy of the Destruction of Jerusalem to Baruch the Scribe,correct,
jeremiah-baruch,old_testament,Jeremiah Dictating His Prophecy of the Destruction of Jerusalem to Baruch the Scribe,gemini:gemini-2.5-pro,artist,"Allston, Washington",Washington Allston,correct,
jeremiah-baruch,old_testament,Jeremiah Dictating His Prophecy of the Destruction of Jerusalem to Baruch the Scribe,gemini:gemini-2.5-pro,date,1799-1843,1820,correct,
jeremiah-baruch,old_testament,Jeremiah Dictating His Prophecy of the Destruction of Jerusalem to Baruch the Scribe,gemini:gemini-2.5-pro,collection,,Yale University Art Gallery,correct,
jeremiah-baruch,old_testament,Jeremiah Dictating His Prophecy of the Destruction of Jerusalem to Baruch the Scribe,gemini:gemini-3.5-flash,title,Jeremiah Dictating His Prophecy of the Destruction of Jerusalem to Baruch the Scribe.,Jeremiah Dictating his Prophecy of the Destruction of Jerusalem to Baruch the Scribe,correct,
jeremiah-baruch,old_testament,Jeremiah Dictating His Prophecy of the Destruction of Jerusalem to Baruch the Scribe,gemini:gemini-3.5-flash,artist,"Allston, Washington",Washington Allston,correct,
jeremiah-baruch,old_testament,Jeremiah Dictating His Prophecy of the Destruction of Jerusalem to Baruch the Scribe,gemini:gemini-3.5-flash,date,1799-1843,1820,correct,
jeremiah-baruch,old_testament,Jeremiah Dictating His Prophecy of the Destruction of Jerusalem to Baruch the Scribe,gemini:gemini-3.5-flash,collection,,Yale University Art Gallery,correct,
joseph-cup-dream,old_testament,Two Scenes in the Life of Joseph: The Discovery of Joseph's Cup in Benjamin's Sack and Joseph Interpreting Pharaoh's Dream,gemini:gemini-2.5-pro,title,"Two Scenes in the Life of Joseph: ""The Discovery of Joseph's Cup in Benjamin's Sack"" and ""Joseph Interpreting Pharaoh's Dream"".",The Discovery of the Stolen Cup in Benjamin's Sack,correct,
joseph-cup-dream,old_testament,Two Scenes in the Life of Joseph: The Discovery of Joseph's Cup in Benjamin's Sack and Joseph Interpreting Pharaoh's Dream,gemini:gemini-2.5-pro,artist,"Carlone, Giovanni Battista",Jan Cossiers,correct,
joseph-cup-dream,old_testament,Two Scenes in the Life of Joseph: The Discovery of Joseph's Cup in Benjamin's Sack and Joseph Interpreting Pharaoh's Dream,gemini:gemini-2.5-pro,date,1612-1677,c. 1650s,correct,
joseph-cup-dream,old_testament,Two Scenes in the Life of Joseph: The Discovery of Joseph's Cup in Benjamin's Sack and Joseph Interpreting Pharaoh's Dream,gemini:gemini-2.5-pro,collection,,Royal Museums of Fine Arts of Belgium,correct,
joseph-cup-dream,old_testament,Two Scenes in the Life of Joseph: The Discovery of Joseph's Cup in Benjamin's Sack and Joseph Interpreting Pharaoh's Dream,gemini:gemini-3.5-flash,title,"Two Scenes in the Life of Joseph: ""The Discovery of Joseph's Cup in Benjamin's Sack"" and ""Joseph Interpreting Pharaoh's Dream"".",The Finding of the Cup in Benjamin's Sack,correct,
joseph-cup-dream,old_testament,Two Scenes in the Life of Joseph: The Discovery of Joseph's Cup in Benjamin's Sack and Joseph Interpreting Pharaoh's Dream,gemini:gemini-3.5-flash,artist,"Carlone, Giovanni Battista",Jan Cossiers,correct,
joseph-cup-dream,old_testament,Two Scenes in the Life of Joseph: The Discovery of Joseph's Cup in Benjamin's Sack and Joseph Interpreting Pharaoh's Dream,gemini:gemini-3.5-flash,date,1612-1677,c. 1650,correct,
joseph-cup-dream,old_testament,Two Scenes in the Life of Joseph: The Discovery of Joseph's Cup in Benjamin's Sack and Joseph Interpreting Pharaoh's Dream,gemini:gemini-3.5-flash,collection,,"Hermitage Museum, St. Petersburg",correct,
judah-tamar,old_testament,Judah's love-affair with Tamar; he gives her his signet-ring and staff,gemini:gemini-2.5-pro,title,Judah's love-affair with Tamar; he gives her his signet-ring (Genesis 38:18),Vertumnus and Pomona,correct,
judah-tamar,old_testament,Judah's love-affair with Tamar; he gives her his signet-ring and staff,gemini:gemini-2.5-pro,artist,"Hemessen, Jan Sanders van",Jan van Scorel,correct,
judah-tamar,old_testament,Judah's love-affair with Tamar; he gives her his signet-ring and staff,gemini:gemini-2.5-pro,date,second or third quarter 16th century,c. 1524,correct,
judah-tamar,old_testament,Judah's love-affair with Tamar; he gives her his signet-ring and staff,gemini:gemini-2.5-pro,collection,,Museum Boijmans Van Beuningen,correct,
judah-tamar,old_testament,Judah's love-affair with Tamar; he gives her his signet-ring and staff,gemini:gemini-3.5-flash,title,Judah's love-affair with Tamar; he gives her his signet-ring (Genesis 38:18),Judah and Tamar,correct,
judah-tamar,old_testament,Judah's love-affair with Tamar; he gives her his signet-ring and staff,gemini:gemini-3.5-flash,artist,"Hemessen, Jan Sanders van",Jan Swart van Groningen,correct,
judah-tamar,old_testament,Judah's love-affair with Tamar; he gives her his signet-ring and staff,gemini:gemini-3.5-flash,date,second or third quarter 16th century,ca. 1530 - 1540,correct,
judah-tamar,old_testament,Judah's love-affair with Tamar; he gives her his signet-ring and staff,gemini:gemini-3.5-flash,collection,,"Rijksmuseum, Amsterdam",correct,
judgement-solomon,old_testament,Judgement of Solomon,gemini:gemini-2.5-pro,title,Judgement of Solomon.,The Judgment of Solomon,correct,
judgement-solomon,old_testament,Judgement of Solomon,gemini:gemini-2.5-pro,artist,"Cresti, Domenico",Matthias Stom,correct,
judgement-solomon,old_testament,Judgement of Solomon,gemini:gemini-2.5-pro,date,1578-1638,c. 1640,correct,
judgement-solomon,old_testament,Judgement of Solomon,gemini:gemini-2.5-pro,collection,,"Museum of Fine Arts, Houston",correct,
judgement-solomon,old_testament,Judgement of Solomon,gemini:gemini-3.5-flash,title,Judgement of Solomon.,The Judgment of Solomon,correct,
judgement-solomon,old_testament,Judgement of Solomon,gemini:gemini-3.5-flash,artist,"Cresti, Domenico",Jusepe de Ribera,correct,
judgement-solomon,old_testament,Judgement of Solomon,gemini:gemini-3.5-flash,date,1578-1638,c. 1609-1610,correct,
judgement-solomon,old_testament,Judgement of Solomon,gemini:gemini-3.5-flash,collection,,Galleria Borghese,correct,
lot-daughters,old_testament,Lot and His Daughters,gemini:gemini-2.5-pro,title,Lot and His Daughters.,Lot and His Daughters,correct,
lot-daughters,old_testament,Lot and His Daughters,gemini:gemini-2.5-pro,artist,Guercino,Guido Reni,correct,
lot-daughters,old_testament,Lot and His Daughters,gemini:gemini-2.5-pro,date,1611-1666,c. 1615-1616,correct,
lot-daughters,old_testament,Lot and His Daughters,gemini:gemini-2.5-pro,collection,,"National Gallery, London",correct,
lot-daughters,old_testament,Lot and His Daughters,gemini:gemini-3.5-flash,title,Lot and His Daughters.,Lot and his Daughters,correct,
lot-daughters,old_testament,Lot and His Daughters,gemini:gemini-3.5-flash,artist,Guercino,Guercino (Giovanni Francesco Barbieri),correct,
lot-daughters,old_testament,Lot and His Daughters,gemini:gemini-3.5-flash,date,1611-1666,1650,correct,
lot-daughters,old_testament,Lot and His Daughters,gemini:gemini-3.5-flash,collection,,"Musée du Louvre, Paris",correct,
moses-crown-pharaoh,old_testament,The Child Moses Trampling on the Crown of the Pharaohs,gemini:gemini-2.5-pro,title,The Child Moses Trampling on the Crown of the Pharoahs.,The Adoration of the Magi,correct,
moses-crown-pharaoh,old_testament,The Child Moses Trampling on the Crown of the Pharaohs,gemini:gemini-2.5-pro,artist,"Tiepolo, Giovanni Battista",Giovanni Battista Tiepolo,correct,
moses-crown-pharaoh,old_testament,The Child Moses Trampling on the Crown of the Pharaohs,gemini:gemini-2.5-pro,date,1716-1770,ca. 1753,correct,
moses-crown-pharaoh,old_testament,The Child Moses Trampling on the Crown of the Pharaohs,gemini:gemini-2.5-pro,collection,,The Metropolitan Museum of Art,correct,
moses-crown-pharaoh,old_testament,The Child Moses Trampling on the Crown of the Pharaohs,gemini:gemini-3.5-flash,title,The Child Moses Trampling on the Crown of the Pharoahs.,The Presentation in the Temple,correct,
moses-crown-pharaoh,old_testament,The Child Moses Trampling on the Crown of the Pharaohs,gemini:gemini-3.5-flash,artist,"Tiepolo, Giovanni Battista",Giovanni Battista Tiepolo,correct,
moses-crown-pharaoh,old_testament,The Child Moses Trampling on the Crown of the Pharaohs,gemini:gemini-3.5-flash,date,1716-1770,c. 1735-1740,correct,
moses-crown-pharaoh,old_testament,The Child Moses Trampling on the Crown of the Pharaohs,gemini:gemini-3.5-flash,collection,,"Gemäldegalerie Alte Meister, Dresden",correct,
naaman-syrian,old_testament,The Story of the Syrian Captain Naaman,gemini:gemini-2.5-pro,title,The Story of the Syrian Captain Naaman.,Triptych of the Baptism of Christ,correct,
naaman-syrian,old_testament,The Story of the Syrian Captain Naaman,gemini:gemini-2.5-pro,artist,"Engelbrechtszoon, Cornelis",Hieronymus Bosch,correct,
naaman-syrian,old_testament,The Story of the Syrian Captain Naaman,gemini:gemini-2.5-pro,date,1488-1533,c. 1500,correct,
naaman-syrian,old_testament,The Story of the Syrian Captain Naaman,gemini:gemini-2.5-pro,collection,,Royal Museums of Fine Arts of Belgium,correct,
naaman-syrian,old_testament,The Story of the Syrian Captain Naaman,gemini:gemini-3.5-flash,title,The Story of the Syrian Captain Naaman.,Triptych with the Baptism of Christ,correct,
naaman-syrian,old_testament,The Story of the Syrian Captain Naaman,gemini:gemini-3.5-flash,artist,"Engelbrechtszoon, Cornelis",Lucas van Leyden,correct,
naaman-syrian,old_testament,The Story of the Syrian Captain Naaman,gemini:gemini-3.5-flash,date,1488-1533,1521,correct,
naaman-syrian,old_testament,The Story of the Syrian Captain Naaman,gemini:gemini-3.5-flash,collection,,"Museo Nacional Thyssen-Bornemisza, Madrid",correct,
potiphar-wife,old_testament,Potiphar's wife catches Joseph by his robe; Joseph escapes leaving his cloak behind,gemini:gemini-2.5-pro,title,Josephs Keuschheit,La castità di Giuseppe (The Chastity of Joseph),correct,
potiphar-wife,old_testament,Potiphar's wife catches Joseph by his robe; Joseph escapes leaving his cloak behind,gemini:gemini-2.5-pro,artist,"Bilivert, Giovanni",Giovanni Biliverti,correct,
potiphar-wife,old_testament,Potiphar's wife catches Joseph by his robe; Joseph escapes leaving his cloak behind,gemini:gemini-2.5-pro,date,,,correct,
potiphar-wife,old_testament,Potiphar's wife catches Joseph by his robe; Joseph escapes leaving his cloak behind,gemini:gemini-2.5-pro,collection,Galleria Nazionale d'arte Antica,Galleria Barberini,correct,
potiphar-wife,old_testament,Potiphar's wife catches Joseph by his robe; Joseph escapes leaving his cloak behind,gemini:gemini-3.5-flash,title,Josephs Keuschheit,The Chastity of Joseph,correct,
potiphar-wife,old_testament,Potiphar's wife catches Joseph by his robe; Joseph escapes leaving his cloak behind,gemini:gemini-3.5-flash,artist,"Bilivert, Giovanni",Giovanni Bilivert,correct,
potiphar-wife,old_testament,Potiphar's wife catches Joseph by his robe; Joseph escapes leaving his cloak behind,gemini:gemini-3.5-flash,date,,1624,correct,
potiphar-wife,old_testament,Potiphar's wife catches Joseph by his robe; Joseph escapes leaving his cloak behind,gemini:gemini-3.5-flash,collection,Galleria Nazionale d'arte Antica,"Galleria Nazionale d'Arte Antica, Palazzo Barberini",correct,
prodigal-son-brothel,old_testament,The Prodigal Son chased from the brothel after spending all his money (Luke 15:13),gemini:gemini-2.5-pro,title,The Prodigal Son is being chased from the brotherl after spending all his money (Luke 15:13),The Charlatan,correct,
prodigal-son-brothel,old_testament,The Prodigal Son chased from the brothel after spending all his money (Luke 15:13),gemini:gemini-2.5-pro,artist,"Bredael, Peeter van",Jan Miel,correct,
prodigal-son-brothel,old_testament,The Prodigal Son chased from the brothel after spending all his money (Luke 15:13),gemini:gemini-2.5-pro,date,after 1658,c. 1650,correct,
prodigal-son-brothel,old_testament,The Prodigal Son chased from the brothel after spending all his money (Luke 15:13),gemini:gemini-2.5-pro,collection,,"Alte Pinakothek, Munich",correct,
prodigal-son-brothel,old_testament,The Prodigal Son chased from the brothel after spending all his money (Luke 15:13),gemini:gemini-3.5-flash,title,The Prodigal Son is being chased from the brotherl after spending all his money (Luke 15:13),The Interrupted Serenade,correct,
prodigal-son-brothel,old_testament,The Prodigal Son chased from the brothel after spending all his money (Luke 15:13),gemini:gemini-3.5-flash,artist,"Bredael, Peeter van",Jan Miel,correct,
prodigal-son-brothel,old_testament,The Prodigal Son chased from the brothel after spending all his money (Luke 15:13),gemini:gemini-3.5-flash,date,after 1658,c. 1640,correct,
prodigal-son-brothel,old_testament,The Prodigal Son chased from the brothel after spending all his money (Luke 15:13),gemini:gemini-3.5-flash,collection,,"State Hermitage Museum, St. Petersburg",correct,
sacrifice-jephthah,old_testament,Sacrifice of Jephthah,gemini:gemini-2.5-pro,title,Sacrifice of Jephthah.,The Massacre of the Innocents,correct,
sacrifice-jephthah,old_testament,Sacrifice of Jephthah,gemini:gemini-2.5-pro,artist,"Mazzoni, Sebastiano",Peter Paul Rubens,correct,
sacrifice-jephthah,old_testament,Sacrifice of Jephthah,gemini:gemini-2.5-pro,date,1631-1678,c. 1636-1638,correct,
sacrifice-jephthah,old_testament,Sacrifice of Jephthah,gemini:gemini-2.5-pro,collection,,"Alte Pinakothek, Munich",correct,
sacrifice-jephthah,old_testament,Sacrifice of Jephthah,gemini:gemini-3.5-flash,title,Sacrifice of Jephthah.,Coresus Sacrificing Himself to Save Callirhoe,correct,
sacrifice-jephthah,old_testament,Sacrifice of Jephthah,gemini:gemini-3.5-flash,artist,"Mazzoni, Sebastiano",Jean-Honoré Fragonard,correct,
sacrifice-jephthah,old_testament,Sacrifice of Jephthah,gemini:gemini-3.5-flash,date,1631-1678,1765,correct,
sacrifice-jephthah,old_testament,Sacrifice of Jephthah,gemini:gemini-3.5-flash,collection,,Musée du Louvre,correct,
samson-pillars,old_testament,Samson breaks the pillars; the temple of Dagon collapses,gemini:gemini-2.5-pro,title,"Samson breaks the pillars; the temple of Dagon collapses, killing all that are in it (Judges 16:29-31)",The Death of Samson,correct,
samson-pillars,old_testament,Samson breaks the pillars; the temple of Dagon collapses,gemini:gemini-2.5-pro,artist,"Rubens, Peter Paul [manner of/after]",Peter Paul Rubens,correct,
samson-pillars,old_testament,Samson breaks the pillars; the temple of Dagon collapses,gemini:gemini-2.5-pro,date,first half 17th century,c. 1605,correct,
samson-pillars,old_testament,Samson breaks the pillars; the temple of Dagon collapses,gemini:gemini-2.5-pro,collection,,J. Paul Getty Museum,correct,
samson-pillars,old_testament,Samson breaks the pillars; the temple of Dagon collapses,gemini:gemini-3.5-flash,title,"Samson breaks the pillars; the temple of Dagon collapses, killing all that are in it (Judges 16:29-31)",Samson Destroying the Temple,correct,
samson-pillars,old_testament,Samson breaks the pillars; the temple of Dagon collapses,gemini:gemini-3.5-flash,artist,"Rubens, Peter Paul [manner of/after]",Valerio Castello,correct,
samson-pillars,old_testament,Samson breaks the pillars; the temple of Dagon collapses,gemini:gemini-3.5-flash,date,first half 17th century,c. 1650,correct,
samson-pillars,old_testament,Samson breaks the pillars; the temple of Dagon collapses,gemini:gemini-3.5-flash,collection,,"Hermitage Museum, St. Petersburg",correct,
saul-witch-endor,old_testament,Saul Coming to Consult the Witch of Endor,gemini:gemini-2.5-pro,title,Saul Coming to Consult the Witch of Endor.,The Dream of the Doctor (Allegory of the Transience of Life),correct,
saul-witch-endor,old_testament,Saul Coming to Consult the Witch of Endor,gemini:gemini-2.5-pro,artist,"Cornelisz van Oostsanen, Jacob",Follower of Hieronymus Bosch,correct,
saul-witch-endor,old_testament,Saul Coming to Consult the Witch of Endor,gemini:gemini-2.5-pro,date,1500,c. 1500,correct,
saul-witch-endor,old_testament,Saul Coming to Consult the Witch of Endor,gemini:gemini-2.5-pro,collection,,"The Courtauld, London",correct,
saul-witch-endor,old_testament,Saul Coming to Consult the Witch of Endor,gemini:gemini-3.5-flash,title,Saul Coming to Consult the Witch of Endor.,The Sorceress,correct,
saul-witch-endor,old_testament,Saul Coming to Consult the Witch of Endor,gemini:gemini-3.5-flash,artist,"Cornelisz van Oostsanen, Jacob",Jan de Beer,correct,
saul-witch-endor,old_testament,Saul Coming to Consult the Witch of Endor,gemini:gemini-3.5-flash,date,1500,1506,correct,
saul-witch-endor,old_testament,Saul Coming to Consult the Witch of Endor,gemini:gemini-3.5-flash,collection,,British Museum,correct,
sennacherib-angel,old_testament,The Forces of Sennacherib put to Rout by the Angel,gemini:gemini-2.5-pro,title,The Forces of Sennacherib put to Rout by the Angel.,The Defeat of Sennacherib,correct,
sennacherib-angel,old_testament,The Forces of Sennacherib put to Rout by the Angel,gemini:gemini-2.5-pro,artist,Tanzio da Varallo,Peter Paul Rubens,correct,
sennacherib-angel,old_testament,The Forces of Sennacherib put to Rout by the Angel,gemini:gemini-2.5-pro,date,1574-1635,c. 1612-1614,correct,
sennacherib-angel,old_testament,The Forces of Sennacherib put to Rout by the Angel,gemini:gemini-2.5-pro,collection,,"Alte Pinakothek, Munich",correct,
sennacherib-angel,old_testament,The Forces of Sennacherib put to Rout by the Angel,gemini:gemini-3.5-flash,title,The Forces of Sennacherib put to Rout by the Angel.,The Defeat of Sennacherib,correct,
sennacherib-angel,old_testament,The Forces of Sennacherib put to Rout by the Angel,gemini:gemini-3.5-flash,artist,Tanzio da Varallo,Tanzio da Varallo,correct,
sennacherib-angel,old_testament,The Forces of Sennacherib put to Rout by the Angel,gemini:gemini-3.5-flash,date,1574-1635,ca. 1627-1629,correct,
sennacherib-angel,old_testament,The Forces of Sennacherib put to Rout by the Angel,gemini:gemini-3.5-flash,collection,,"Museo Civico, Novara",correct,
tobit-tobias,old_testament,Tobit Blessing Tobias,gemini:gemini-2.5-pro,title,Tobit Blessing Tobias.,Tobit Blessing his Son,correct,
tobit-tobias,old_testament,Tobit Blessing Tobias,gemini:gemini-2.5-pro,artist,"Preti, Mattia",Bernardo Strozzi,correct,
tobit-tobias,old_testament,Tobit Blessing Tobias,gemini:gemini-2.5-pro,date,1633-1699,c. 1630-1635,correct,
tobit-tobias,old_testament,Tobit Blessing Tobias,gemini:gemini-2.5-pro,collection,,"The State Hermitage Museum, St. Petersburg",correct,
tobit-tobias,old_testament,Tobit Blessing Tobias,gemini:gemini-3.5-flash,title,Tobit Blessing Tobias.,The Departure of Tobias,correct,
tobit-tobias,old_testament,Tobit Blessing Tobias,gemini:gemini-3.5-flash,artist,"Preti, Mattia",Matthias Stom,correct,
tobit-tobias,old_testament,Tobit Blessing Tobias,gemini:gemini-3.5-flash,date,1633-1699,c. 1640,correct,
tobit-tobias,old_testament,Tobit Blessing Tobias,gemini:gemini-3.5-flash,collection,,,correct,
alexander-roxane-marriage,historical,The Marriage of Alexander and Roxane,gemini:gemini-2.5-pro,title,The Marriage of Alexander and Roxane,The Marriage of Alexander and Roxana,correct,
alexander-roxane-marriage,historical,The Marriage of Alexander and Roxane,gemini:gemini-2.5-pro,artist,"Il Sodoma (Bazzi, Giovanni Antonio)",Il Sodoma (Giovanni Antonio Bazzi),correct,
alexander-roxane-marriage,historical,The Marriage of Alexander and Roxane,gemini:gemini-2.5-pro,date,1517-1519,c. 1517,correct,
alexander-roxane-marriage,historical,The Marriage of Alexander and Roxane,gemini:gemini-2.5-pro,collection,"Villa Farnesina, Rome",Villa Farnesina,correct,
alexander-roxane-marriage,historical,The Marriage of Alexander and Roxane,gemini:gemini-3.5-flash,title,The Marriage of Alexander and Roxane,The Wedding of Alexander and Roxana,correct,
alexander-roxane-marriage,historical,The Marriage of Alexander and Roxane,gemini:gemini-3.5-flash,artist,"Il Sodoma (Bazzi, Giovanni Antonio)",Il Sodoma,correct,
alexander-roxane-marriage,historical,The Marriage of Alexander and Roxane,gemini:gemini-3.5-flash,date,1517-1519,c. 1519,correct,
alexander-roxane-marriage,historical,The Marriage of Alexander and Roxane,gemini:gemini-3.5-flash,collection,"Villa Farnesina, Rome","Villa Farnesina, Rome",correct,
beccafumi-codrus-sacrifice,historical,The Sacrifice of King Codrus of Athens,gemini:gemini-2.5-pro,title,The Sacrifice of King Codrus of Athens,The Triumph of Furius Camillus,correct,
beccafumi-codrus-sacrifice,historical,The Sacrifice of King Codrus of Athens,gemini:gemini-2.5-pro,artist,"Beccafumi, Domenico",Francesco Salviati,correct,
beccafumi-codrus-sacrifice,historical,The Sacrifice of King Codrus of Athens,gemini:gemini-2.5-pro,date,1529-1535,c. 1543-1545,correct,
beccafumi-codrus-sacrifice,historical,The Sacrifice of King Codrus of Athens,gemini:gemini-2.5-pro,collection,"Palazzo Pubblico, Siena","Palazzo Vecchio, Florence",correct,
beccafumi-codrus-sacrifice,historical,The Sacrifice of King Codrus of Athens,gemini:gemini-3.5-flash,title,The Sacrifice of King Codrus of Athens,Cincinnatus Called from the Plow,correct,
beccafumi-codrus-sacrifice,historical,The Sacrifice of King Codrus of Athens,gemini:gemini-3.5-flash,artist,"Beccafumi, Domenico",Nicolò dell'Abate,correct,
beccafumi-codrus-sacrifice,historical,The Sacrifice of King Codrus of Athens,gemini:gemini-3.5-flash,date,1529-1535,c. 1550,correct,
beccafumi-codrus-sacrifice,historical,The Sacrifice of King Codrus of Athens,gemini:gemini-3.5-flash,collection,"Palazzo Pubblico, Siena","Palazzo Poggi, Bologna",correct,
charlotte-corday-arrest,historical,The Arrest of Charlotte Corday,gemini:gemini-2.5-pro,title,The Arrest of Charlotte Corday,Charlotte Corday being led to her execution,correct,
charlotte-corday-arrest,historical,The Arrest of Charlotte Corday,gemini:gemini-2.5-pro,artist,"Scheffer, Henri",Henry Chaffer,correct,
charlotte-corday-arrest,historical,The Arrest of Charlotte Corday,gemini:gemini-2.5-pro,date,1830,1860,correct,
charlotte-corday-arrest,historical,The Arrest of Charlotte Corday,gemini:gemini-2.5-pro,collection,"Musée des Beaux-Arts, Grenoble",Warrington Museum & Art Gallery,correct,
charlotte-corday-arrest,historical,The Arrest of Charlotte Corday,gemini:gemini-3.5-flash,title,The Arrest of Charlotte Corday,An Episode of the French Revolution,correct,
charlotte-corday-arrest,historical,The Arrest of Charlotte Corday,gemini:gemini-3.5-flash,artist,"Scheffer, Henri",Henry Chaffer,correct,
charlotte-corday-arrest,historical,The Arrest of Charlotte Corday,gemini:gemini-3.5-flash,date,1830,1860,correct,
charlotte-corday-arrest,historical,The Arrest of Charlotte Corday,gemini:gemini-3.5-flash,collection,"Musée des Beaux-Arts, Grenoble",Salford Museum and Art Gallery,correct,
david-napoleon-coronation,historical,The Consecration of the Emperor Napoleon and the Coronation of the Empress Josephine,gemini:gemini-2.5-pro,title,The Consecration of the Emperor Napoleon and the Coronation of the Empress Josephine,The Coronation of Napoleon,correct,
david-napoleon-coronation,historical,The Consecration of the Emperor Napoleon and the Coronation of the Empress Josephine,gemini:gemini-2.5-pro,artist,"David, Jacques-Louis",Jacques-Louis David,correct,
david-napoleon-coronation,historical,The Consecration of the Emperor Napoleon and the Coronation of the Empress Josephine,gemini:gemini-2.5-pro,date,1805-1807,1807,correct,
david-napoleon-coronation,historical,The Consecration of the Emperor Napoleon and the Coronation of the Empress Josephine,gemini:gemini-2.5-pro,collection,Musée du Louvre,Louvre Museum,correct,
david-napoleon-coronation,historical,The Consecration of the Emperor Napoleon and the Coronation of the Empress Josephine,gemini:gemini-3.5-flash,title,The Consecration of the Emperor Napoleon and the Coronation of the Empress Josephine,The Coronation of Napoleon,correct,
david-napoleon-coronation,historical,The Consecration of the Emperor Napoleon and the Coronation of the Empress Josephine,gemini:gemini-3.5-flash,artist,"David, Jacques-Louis",Jacques-Louis David,correct,
david-napoleon-coronation,historical,The Consecration of the Emperor Napoleon and the Coronation of the Empress Josephine,gemini:gemini-3.5-flash,date,1805-1807,1807,correct,
david-napoleon-coronation,historical,The Consecration of the Emperor Napoleon and the Coronation of the Empress Josephine,gemini:gemini-3.5-flash,collection,Musée du Louvre,Louvre Museum,correct,
death-of-general-wolfe,historical,Death of General Wolfe at the Battle of Quebec,gemini:gemini-2.5-pro,title,Death of General Wolfe at the Battle of Quebec,The Death of General Wolfe,correct,
death-of-general-wolfe,historical,Death of General Wolfe at the Battle of Quebec,gemini:gemini-2.5-pro,artist,"West, Benjamin",Benjamin West,correct,
death-of-general-wolfe,historical,Death of General Wolfe at the Battle of Quebec,gemini:gemini-2.5-pro,date,1770,1770,correct,
death-of-general-wolfe,historical,Death of General Wolfe at the Battle of Quebec,gemini:gemini-2.5-pro,collection,National Gallery of Canada,National Gallery of Canada,correct,
death-of-general-wolfe,historical,Death of General Wolfe at the Battle of Quebec,gemini:gemini-3.5-flash,title,Death of General Wolfe at the Battle of Quebec,The Death of General Wolfe,correct,
death-of-general-wolfe,historical,Death of General Wolfe at the Battle of Quebec,gemini:gemini-3.5-flash,artist,"West, Benjamin",Benjamin West,correct,
death-of-general-wolfe,historical,Death of General Wolfe at the Battle of Quebec,gemini:gemini-3.5-flash,date,1770,1770,correct,
death-of-general-wolfe,historical,Death of General Wolfe at the Battle of Quebec,gemini:gemini-3.5-flash,collection,National Gallery of Canada,National Gallery of Canada,correct,
francesca-da-rimini-death,historical,Death of Francesca da Rimini and of Paolo Malatesta,gemini:gemini-2.5-pro,title,Death of Francesca da Rimini and of Paolo Malatesta,Paolo and Francesca da Rimini,correct,
francesca-da-rimini-death,historical,Death of Francesca da Rimini and of Paolo Malatesta,gemini:gemini-2.5-pro,artist,"Cabanel, Alexandre",Charles-Édouard de Beaumont,correct,
francesca-da-rimini-death,historical,Death of Francesca da Rimini and of Paolo Malatesta,gemini:gemini-2.5-pro,date,1870,1875,correct,
francesca-da-rimini-death,historical,Death of Francesca da Rimini and of Paolo Malatesta,gemini:gemini-2.5-pro,collection,Musée d'Orsay,,correct,
francesca-da-rimini-death,historical,Death of Francesca da Rimini and of Paolo Malatesta,gemini:gemini-3.5-flash,title,Death of Francesca da Rimini and of Paolo Malatesta,The Death of Francesca da Rimini and Paolo Malatesta,correct,
francesca-da-rimini-death,historical,Death of Francesca da Rimini and of Paolo Malatesta,gemini:gemini-3.5-flash,artist,"Cabanel, Alexandre",Alexandre Cabanel,correct,
francesca-da-rimini-death,historical,Death of Francesca da Rimini and of Paolo Malatesta,gemini:gemini-3.5-flash,date,1870,1870,correct,
francesca-da-rimini-death,historical,Death of Francesca da Rimini and of Paolo Malatesta,gemini:gemini-3.5-flash,collection,Musée d'Orsay,Musée d'Orsay,correct,
lady-godiva-lefebvre,historical,Lady Godiva,gemini:gemini-2.5-pro,title,Lady Godiva,Lady Godiva,correct,
lady-godiva-lefebvre,historical,Lady Godiva,gemini:gemini-2.5-pro,artist,"Lefebvre, Jules Joseph",Jules Lefebvre,correct,
lady-godiva-lefebvre,historical,Lady Godiva,gemini:gemini-2.5-pro,date,1891,1890,correct,
lady-godiva-lefebvre,historical,Lady Godiva,gemini:gemini-2.5-pro,collection,"Musée de Picardie, Amiens","Musée d'Orsay, Paris",correct,
lady-godiva-lefebvre,historical,Lady Godiva,gemini:gemini-3.5-flash,title,Lady Godiva,Lady Godiva,correct,
lady-godiva-lefebvre,historical,Lady Godiva,gemini:gemini-3.5-flash,artist,"Lefebvre, Jules Joseph",Jules Joseph Lefebvre,correct,
lady-godiva-lefebvre,historical,Lady Godiva,gemini:gemini-3.5-flash,date,1891,1890,correct,
lady-godiva-lefebvre,historical,Lady Godiva,gemini:gemini-3.5-flash,collection,"Musée de Picardie, Amiens",Musée de Picardie,correct,
morozova-arrest,historical,Arrest of the Old Believer noblewoman Feodosia Morozova,gemini:gemini-2.5-pro,title,Arrest of the Old Believer noblewoman Feodosia Morozova (Boyarynya Morozova),Boyarynya Morozova,correct,
morozova-arrest,historical,Arrest of the Old Believer noblewoman Feodosia Morozova,gemini:gemini-2.5-pro,artist,"Surikov, Vasily",Vasily Surikov,correct,
morozova-arrest,historical,Arrest of the Old Believer noblewoman Feodosia Morozova,gemini:gemini-2.5-pro,date,1887,1887,correct,
morozova-arrest,historical,Arrest of the Old Believer noblewoman Feodosia Morozova,gemini:gemini-2.5-pro,collection,"Tretyakov Gallery, Moscow",State Tretyakov Gallery,correct,
morozova-arrest,historical,Arrest of the Old Believer noblewoman Feodosia Morozova,gemini:gemini-3.5-flash,title,Arrest of the Old Believer noblewoman Feodosia Morozova (Boyarynya Morozova),Boyarynya Morozova,correct,
morozova-arrest,historical,Arrest of the Old Believer noblewoman Feodosia Morozova,gemini:gemini-3.5-flash,artist,"Surikov, Vasily",Vasily Surikov,correct,
morozova-arrest,historical,Arrest of the Old Believer noblewoman Feodosia Morozova,gemini:gemini-3.5-flash,date,1887,1887,correct,
morozova-arrest,historical,Arrest of the Old Believer noblewoman Feodosia Morozova,gemini:gemini-3.5-flash,collection,"Tretyakov Gallery, Moscow",Tretyakov Gallery,correct,
napoleon-jaffa-pesthouse,historical,Bonaparte Visiting the Pesthouse in Jaffa,gemini:gemini-2.5-pro,title,Bonaparte Visiting the Pesthouse in Jaffa,Bonaparte Visiting the Plague-Stricken of Jaffa,correct,
napoleon-jaffa-pesthouse,historical,Bonaparte Visiting the Pesthouse in Jaffa,gemini:gemini-2.5-pro,artist,"Gros, Antoine-Jean",Antoine-Jean Gros,correct,
napoleon-jaffa-pesthouse,historical,Bonaparte Visiting the Pesthouse in Jaffa,gemini:gemini-2.5-pro,date,1804,1804,correct,
napoleon-jaffa-pesthouse,historical,Bonaparte Visiting the Pesthouse in Jaffa,gemini:gemini-2.5-pro,collection,Musée du Louvre,Louvre Museum,correct,
napoleon-jaffa-pesthouse,historical,Bonaparte Visiting the Pesthouse in Jaffa,gemini:gemini-3.5-flash,title,Bonaparte Visiting the Pesthouse in Jaffa,Bonaparte Visiting the Plague Victims of Jaffa,correct,
napoleon-jaffa-pesthouse,historical,Bonaparte Visiting the Pesthouse in Jaffa,gemini:gemini-3.5-flash,artist,"Gros, Antoine-Jean",Antoine-Jean Gros,correct,
napoleon-jaffa-pesthouse,historical,Bonaparte Visiting the Pesthouse in Jaffa,gemini:gemini-3.5-flash,date,1804,1804,correct,
napoleon-jaffa-pesthouse,historical,Bonaparte Visiting the Pesthouse in Jaffa,gemini:gemini-3.5-flash,collection,Musée du Louvre,Musée du Louvre,correct,
phaedra-cabanel,historical,Phaedra,gemini:gemini-2.5-pro,title,Phaedra,Cleopatra Testing Poisons on Condemned Prisoners,correct,
phaedra-cabanel,historical,Phaedra,gemini:gemini-2.5-pro,artist,"Cabanel, Alexandre",Alexandre Cabanel,correct,
phaedra-cabanel,historical,Phaedra,gemini:gemini-2.5-pro,date,1880,1887,correct,
phaedra-cabanel,historical,Phaedra,gemini:gemini-2.5-pro,collection,"Musée Fabre, Montpellier",Royal Museum of Fine Arts Antwerp,correct,
phaedra-cabanel,historical,Phaedra,gemini:gemini-3.5-flash,title,Phaedra,Phaedra,correct,
phaedra-cabanel,historical,Phaedra,gemini:gemini-3.5-flash,artist,"Cabanel, Alexandre",Alexandre Cabanel,correct,
phaedra-cabanel,historical,Phaedra,gemini:gemini-3.5-flash,date,1880,1880,correct,
phaedra-cabanel,historical,Phaedra,gemini:gemini-3.5-flash,collection,"Musée Fabre, Montpellier",Musée Fabre,correct,
raft-of-the-medusa,historical,The Raft of the Medusa,gemini:gemini-2.5-pro,title,The Raft of the Medusa,The Raft of the Medusa,correct,
raft-of-the-medusa,historical,The Raft of the Medusa,gemini:gemini-2.5-pro,artist,"Géricault, Théodore",Théodore Géricault,correct,
raft-of-the-medusa,historical,The Raft of the Medusa,gemini:gemini-2.5-pro,date,1818-1819,1818–1819,correct,
raft-of-the-medusa,historical,The Raft of the Medusa,gemini:gemini-2.5-pro,collection,Musée du Louvre,Louvre Museum,correct,
raft-of-the-medusa,historical,The Raft of the Medusa,gemini:gemini-3.5-flash,title,The Raft of the Medusa,The Raft of the Medusa,correct,
raft-of-the-medusa,historical,The Raft of the Medusa,gemini:gemini-3.5-flash,artist,"Géricault, Théodore",Théodore Géricault,correct,
raft-of-the-medusa,historical,The Raft of the Medusa,gemini:gemini-3.5-flash,date,1818-1819,1818–1819,correct,
raft-of-the-medusa,historical,The Raft of the Medusa,gemini:gemini-3.5-flash,collection,Musée du Louvre,Musée du Louvre,correct,
rejtan-fall-of-poland,historical,Tadeusz Rejtan's protest against the First Partition of Poland (Rejtan),gemini:gemini-2.5-pro,title,Rejtan (The Fall of Poland),Rejtan – The Fall of Poland,correct,
rejtan-fall-of-poland,historical,Tadeusz Rejtan's protest against the First Partition of Poland (Rejtan),gemini:gemini-2.5-pro,artist,"Matejko, Jan",Jan Matejko,correct,
rejtan-fall-of-poland,historical,Tadeusz Rejtan's protest against the First Partition of Poland (Rejtan),gemini:gemini-2.5-pro,date,1866,1866,correct,
rejtan-fall-of-poland,historical,Tadeusz Rejtan's protest against the First Partition of Poland (Rejtan),gemini:gemini-2.5-pro,collection,"Royal Castle, Warsaw","Royal Castle, Warsaw",correct,
rejtan-fall-of-poland,historical,Tadeusz Rejtan's protest against the First Partition of Poland (Rejtan),gemini:gemini-3.5-flash,title,Rejtan (The Fall of Poland),"Rejtan, or the Fall of Poland",correct,
rejtan-fall-of-poland,historical,Tadeusz Rejtan's protest against the First Partition of Poland (Rejtan),gemini:gemini-3.5-flash,artist,"Matejko, Jan",Jan Matejko,correct,
rejtan-fall-of-poland,historical,Tadeusz Rejtan's protest against the First Partition of Poland (Rejtan),gemini:gemini-3.5-flash,date,1866,1866,correct,
rejtan-fall-of-poland,historical,Tadeusz Rejtan's protest against the First Partition of Poland (Rejtan),gemini:gemini-3.5-flash,collection,"Royal Castle, Warsaw","Royal Castle, Warsaw",correct,
richelieu-la-rochelle,historical,Cardinal Richelieu at the Siege of La Rochelle,gemini:gemini-2.5-pro,title,Cardinal Richelieu at the Siege of La Rochelle,Cardinal Richelieu at the Siege of La Rochelle,correct,
richelieu-la-rochelle,historical,Cardinal Richelieu at the Siege of La Rochelle,gemini:gemini-2.5-pro,artist,"Motte, Henri-Paul",Henri-Paul Motte,correct,
richelieu-la-rochelle,historical,Cardinal Richelieu at the Siege of La Rochelle,gemini:gemini-2.5-pro,date,1881,1881,correct,
richelieu-la-rochelle,historical,Cardinal Richelieu at the Siege of La Rochelle,gemini:gemini-2.5-pro,collection,"Musée d'Orbigny-Bernon, La Rochelle","Musée d'Orbigny-Bernon, La Rochelle",correct,
richelieu-la-rochelle,historical,Cardinal Richelieu at the Siege of La Rochelle,gemini:gemini-3.5-flash,title,Cardinal Richelieu at the Siege of La Rochelle,Cardinal Richelieu at the Siege of La Rochelle,correct,
richelieu-la-rochelle,historical,Cardinal Richelieu at the Siege of La Rochelle,gemini:gemini-3.5-flash,artist,"Motte, Henri-Paul",Henri-Paul Motte,correct,
richelieu-la-rochelle,historical,Cardinal Richelieu at the Siege of La Rochelle,gemini:gemini-3.5-flash,date,1881,1881,correct,
richelieu-la-rochelle,historical,Cardinal Richelieu at the Siege of La Rochelle,gemini:gemini-3.5-flash,collection,"Musée d'Orbigny-Bernon, La Rochelle","Musée d'Orbigny-Bernon, La Rochelle",correct,
sacred-geese-of-rome,historical,The Sacred Geese of Rome,gemini:gemini-2.5-pro,title,The Sacred Geese of Rome,The Sacred Geese of the Capitol,correct,
sacred-geese-of-rome,historical,The Sacred Geese of Rome,gemini:gemini-2.5-pro,artist,"Motte, Henri-Paul",Jean-François Portaels,correct,
sacred-geese-of-rome,historical,The Sacred Geese of Rome,gemini:gemini-2.5-pro,date,1889,1870,correct,
sacred-geese-of-rome,historical,The Sacred Geese of Rome,gemini:gemini-2.5-pro,collection,,Royal Museums of Fine Arts of Belgium,correct,
sacred-geese-of-rome,historical,The Sacred Geese of Rome,gemini:gemini-3.5-flash,title,The Sacred Geese of Rome,The Geese of the Capitol,correct,
sacred-geese-of-rome,historical,The Sacred Geese of Rome,gemini:gemini-3.5-flash,artist,"Motte, Henri-Paul",Henri-Paul Motte,correct,
sacred-geese-of-rome,historical,The Sacred Geese of Rome,gemini:gemini-3.5-flash,date,1889,1889,correct,
sacred-geese-of-rome,historical,The Sacred Geese of Rome,gemini:gemini-3.5-flash,collection,,Musée des Beaux-Arts de La Rochelle,correct,
vercingetorix-caesar,historical,Vercingetorix throws down his arms at the feet of Julius Caesar,gemini:gemini-2.5-pro,title,Vercingetorix throws down his arms at the feet of Julius Caesar,Vercingetorix se rend à César (Vercingetorix surrenders to Caesar),correct,
vercingetorix-caesar,historical,Vercingetorix throws down his arms at the feet of Julius Caesar,gemini:gemini-2.5-pro,artist,"Motte, Henri-Paul",Henri-Paul Motte,correct,
vercingetorix-caesar,historical,Vercingetorix throws down his arms at the feet of Julius Caesar,gemini:gemini-2.5-pro,date,1886,1886,correct,
vercingetorix-caesar,historical,Vercingetorix throws down his arms at the feet of Julius Caesar,gemini:gemini-2.5-pro,collection,"Musée Crozatier, Le Puy-en-Velay",Musée d'Orsay,correct,
vercingetorix-caesar,historical,Vercingetorix throws down his arms at the feet of Julius Caesar,gemini:gemini-3.5-flash,title,Vercingetorix throws down his arms at the feet of Julius Caesar,Vercingetorix surrenders to Caesar,correct,
vercingetorix-caesar,historical,Vercingetorix throws down his arms at the feet of Julius Caesar,gemini:gemini-3.5-flash,artist,"Motte, Henri-Paul",Henri-Paul Motte,correct,
vercingetorix-caesar,historical,Vercingetorix throws down his arms at the feet of Julius Caesar,gemini:gemini-3.5-flash,date,1886,1886,correct,
vercingetorix-caesar,historical,Vercingetorix throws down his arms at the feet of Julius Caesar,gemini:gemini-3.5-flash,collection,"Musée Crozatier, Le Puy-en-Velay",Musée Crozatier,correct,
